序号,传输方向,时间标识,帧ID,帧格式,帧类型,数据长度,数据(HEX)
0,接收,17:26:40.857.0,0x00000123,数据帧,标准帧,0x08,00 01 01 02 05 09 00 00 
1,接收,17:26:40.911.0,0x00000123,数据帧,标准帧,0x08,00 02 01 02 05 09 00 00 
2,接收,17:26:41.008.0,0x00000123,数据帧,标准帧,0x08,00 03 01 02 05 09 00 00 
3,接收,17:26:41.132.0,0x00000123,数据帧,标准帧,0x08,00 04 01 02 05 09 00 00 
4,接收,17:26:41.147.0,0x00000123,数据帧,标准帧,0x08,00 05 01 02 05 09 00 00 
5,接收,17:26:41.147.0,0x00000123,数据帧,标准帧,0x08,00 06 01 02 05 09 00 00 
6,接收,17:26:41.288.0,0x00000123,数据帧,标准帧,0x08,00 07 01 02 05 09 00 00 
7,接收,17:26:41.288.0,0x00000123,数据帧,标准帧,0x08,00 08 01 02 05 09 00 00 
8,接收,17:26:41.426.0,0x00000123,数据帧,标准帧,0x08,00 09 01 02 05 09 00 00 
9,接收,17:26:41.448.0,0x00000123,数据帧,标准帧,0x08,00 10 01 02 05 09 00 00 
10,接收,17:26:41.560.0,0x00000123,数据帧,标准帧,0x08,00 11 01 02 05 09 00 00 
11,接收,17:26:41.560.0,0x00000123,数据帧,标准帧,0x08,00 12 01 02 05 09 00 00 
12,接收,17:26:41.576.0,0x00000123,数据帧,标准帧,0x08,00 13 01 02 05 09 00 00 
13,接收,17:26:41.712.0,0x00000123,数据帧,标准帧,0x08,00 14 01 02 05 09 00 00 
14,接收,17:26:41.944.0,0x00000123,数据帧,标准帧,0x08,00 15 01 02 05 09 00 00 
15,接收,17:26:41.944.0,0x00000123,数据帧,标准帧,0x08,00 16 01 02 05 09 00 00 
16,接收,17:26:41.944.0,0x00000123,数据帧,标准帧,0x08,00 17 01 02 05 09 00 00 
17,接收,17:26:41.944.0,0x00000123,数据帧,标准帧,0x08,00 18 01 02 05 09 00 00 
18,接收,17:26:41.944.0,0x00000123,数据帧,标准帧,0x08,00 19 01 02 05 09 00 00 
19,接收,17:26:42.004.0,0x00000123,数据帧,标准帧,0x08,00 20 01 02 05 09 00 00 
20,接收,17:26:42.152.0,0x00000123,数据帧,标准帧,0x08,00 21 01 02 05 09 00 00 
21,接收,17:26:42.400.0,0x00000123,数据帧,标准帧,0x08,00 22 01 02 05 09 00 00 
22,接收,17:26:42.400.0,0x00000123,数据帧,标准帧,0x08,00 23 01 02 05 09 00 00 
23,接收,17:26:42.400.0,0x00000123,数据帧,标准帧,0x08,00 24 01 02 05 09 00 00 
24,接收,17:26:42.400.0,0x00000123,数据帧,标准帧,0x08,00 25 01 02 05 09 00 00 
25,接收,17:26:42.430.0,0x00000123,数据帧,标准帧,0x08,00 26 01 02 05 09 00 00 
26,接收,17:26:42.430.0,0x00000123,数据帧,标准帧,0x08,00 27 01 02 05 09 00 00 
27,接收,17:26:42.593.0,0x00000123,数据帧,标准帧,0x08,00 28 01 02 05 09 00 00 
28,接收,17:26:42.826.0,0x00000123,数据帧,标准帧,0x08,00 29 01 02 05 09 00 00 
29,接收,17:26:42.826.0,0x00000123,数据帧,标准帧,0x08,00 30 01 02 05 09 00 00 
30,接收,17:26:42.826.0,0x00000123,数据帧,标准帧,0x08,00 31 01 02 05 09 00 00 
31,接收,17:26:42.826.0,0x00000123,数据帧,标准帧,0x08,00 32 01 02 05 09 00 00 
32,接收,17:26:42.860.0,0x00000123,数据帧,标准帧,0x08,00 33 01 02 05 09 00 00 
33,接收,17:26:42.860.0,0x00000123,数据帧,标准帧,0x08,00 34 01 02 05 09 00 00 
34,接收,17:26:43.007.0,0x00000123,数据帧,标准帧,0x08,00 35 01 02 05 09 00 00 
35,接收,17:26:43.007.0,0x00000123,数据帧,标准帧,0x08,00 36 01 02 05 09 00 00 
36,接收,17:26:43.044.0,0x00000123,数据帧,标准帧,0x08,00 37 01 02 05 09 00 00 
37,接收,17:26:43.139.0,0x00000123,数据帧,标准帧,0x08,00 38 01 02 05 09 00 00 
38,接收,17:26:43.285.0,0x00000123,数据帧,标准帧,0x08,00 39 01 02 05 09 00 00 
39,接收,17:26:43.285.0,0x00000123,数据帧,标准帧,0x08,00 40 01 02 05 09 00 00 
40,接收,17:26:43.285.0,0x00000123,数据帧,标准帧,0x08,00 41 01 02 05 09 00 00 
41,接收,17:26:43.439.0,0x00000123,数据帧,标准帧,0x08,00 42 01 02 05 09 00 00 
42,接收,17:26:43.439.0,0x00000123,数据帧,标准帧,0x08,00 43 01 02 05 09 00 00 
43,接收,17:26:43.538.0,0x00000123,数据帧,标准帧,0x08,00 44 01 02 05 09 00 00 
44,接收,17:26:43.538.0,0x00000123,数据帧,标准帧,0x08,00 45 01 02 05 09 00 00 
45,接收,17:26:43.653.0,0x00000123,数据帧,标准帧,0x08,00 46 01 02 05 09 00 00 
46,接收,17:26:43.653.0,0x00000123,数据帧,标准帧,0x08,00 47 01 02 05 09 00 00 
47,接收,17:26:43.804.0,0x00000123,数据帧,标准帧,0x08,00 48 01 02 05 09 00 00 
48,接收,17:26:43.804.0,0x00000123,数据帧,标准帧,0x08,00 49 01 02 05 09 00 00 
49,接收,17:26:43.950.0,0x00000123,数据帧,标准帧,0x08,00 50 01 02 05 09 00 00 
50,接收,17:26:43.950.0,0x00000123,数据帧,标准帧,0x08,00 51 01 02 05 09 00 00 
51,接收,17:26:43.950.0,0x00000123,数据帧,标准帧,0x08,00 52 01 02 05 09 00 00 
52,接收,17:26:44.077.0,0x00000123,数据帧,标准帧,0x08,00 53 01 02 05 09 00 00 
53,接收,17:26:44.077.0,0x00000123,数据帧,标准帧,0x08,00 54 01 02 05 09 00 00 
54,接收,17:26:44.139.0,0x00000123,数据帧,标准帧,0x08,00 55 01 02 05 09 00 00 
55,接收,17:26:44.209.0,0x00000123,数据帧,标准帧,0x08,00 56 01 02 05 09 00 00 
56,接收,17:26:44.355.0,0x00000123,数据帧,标准帧,0x08,00 57 01 02 05 09 00 00 
57,接收,17:26:44.355.0,0x00000123,数据帧,标准帧,0x08,00 58 01 02 05 09 00 00 
58,接收,17:26:44.526.0,0x00000123,数据帧,标准帧,0x08,00 59 01 02 05 09 00 00 
59,接收,17:26:44.526.0,0x00000123,数据帧,标准帧,0x08,00 60 01 02 05 09 00 00 
60,接收,17:26:44.526.0,0x00000123,数据帧,标准帧,0x08,00 61 01 02 05 09 00 00 
61,接收,17:26:44.680.0,0x00000123,数据帧,标准帧,0x08,00 62 01 02 05 09 00 00 
62,接收,17:26:44.680.0,0x00000123,数据帧,标准帧,0x08,00 63 01 02 05 09 00 00 
63,接收,17:26:44.680.0,0x00000123,数据帧,标准帧,0x08,00 64 01 02 05 09 00 00 
64,接收,17:26:44.758.0,0x00000123,数据帧,标准帧,0x08,00 65 01 02 05 09 00 00 
65,接收,17:26:44.903.0,0x00000123,数据帧,标准帧,0x08,00 66 01 02 05 09 00 00 
66,接收,17:26:44.903.0,0x00000123,数据帧,标准帧,0x08,00 67 01 02 05 09 00 00 
67,接收,17:26:44.903.0,0x00000123,数据帧,标准帧,0x08,00 68 01 02 05 09 00 00 
68,接收,17:26:45.033.0,0x00000123,数据帧,标准帧,0x08,00 69 01 02 05 09 00 00 
69,接收,17:26:45.033.0,0x00000123,数据帧,标准帧,0x08,00 70 01 02 05 09 00 00 
70,接收,17:26:45.175.0,0x00000123,数据帧,标准帧,0x08,00 71 01 02 05 09 00 00 
71,接收,17:26:45.315.0,0x00000123,数据帧,标准帧,0x08,00 72 01 02 05 09 00 00 
72,接收,17:26:45.315.0,0x00000123,数据帧,标准帧,0x08,00 73 01 02 05 09 00 00 
73,接收,17:26:45.315.0,0x00000123,数据帧,标准帧,0x08,00 74 01 02 05 09 00 00 
74,接收,17:26:45.406.0,0x00000123,数据帧,标准帧,0x08,00 75 01 02 05 09 00 00 
75,接收,17:26:45.436.0,0x00000123,数据帧,标准帧,0x08,00 76 01 02 05 09 00 00 
76,接收,17:26:45.562.0,0x00000123,数据帧,标准帧,0x08,00 77 01 02 05 09 00 00 
77,接收,17:26:45.562.0,0x00000123,数据帧,标准帧,0x08,00 78 01 02 05 09 00 00 
78,接收,17:26:45.713.0,0x00000123,数据帧,标准帧,0x08,00 79 01 02 05 09 00 00 
79,接收,17:26:45.713.0,0x00000123,数据帧,标准帧,0x08,00 80 01 02 05 09 00 00 
80,接收,17:26:45.854.0,0x00000123,数据帧,标准帧,0x08,00 81 01 02 05 09 00 00 
81,接收,17:26:45.854.0,0x00000123,数据帧,标准帧,0x08,00 82 01 02 05 09 00 00 
82,接收,17:26:45.854.0,0x00000123,数据帧,标准帧,0x08,00 83 01 02 05 09 00 00 
83,接收,17:26:46.013.0,0x00000123,数据帧,标准帧,0x08,00 84 01 02 05 09 00 00 
84,接收,17:26:46.013.0,0x00000123,数据帧,标准帧,0x08,00 85 01 02 05 09 00 00 
85,接收,17:26:46.169.0,0x00000123,数据帧,标准帧,0x08,00 86 01 02 05 09 00 00 
86,接收,17:26:46.169.0,0x00000123,数据帧,标准帧,0x08,00 87 01 02 05 09 00 00 
87,接收,17:26:46.169.0,0x00000123,数据帧,标准帧,0x08,00 88 01 02 05 09 00 00 
88,接收,17:26:46.268.0,0x00000123,数据帧,标准帧,0x08,00 89 01 02 05 09 00 00 
89,接收,17:26:46.406.0,0x00000123,数据帧,标准帧,0x08,00 90 01 02 05 09 00 00 
90,接收,17:26:46.406.0,0x00000123,数据帧,标准帧,0x08,00 91 01 02 05 09 00 00 
91,接收,17:26:46.406.0,0x00000123,数据帧,标准帧,0x08,00 92 01 02 05 09 00 00 
92,接收,17:26:46.466.0,0x00000123,数据帧,标准帧,0x08,00 93 01 02 05 09 00 00 
93,接收,17:26:46.560.0,0x00000123,数据帧,标准帧,0x08,00 94 01 02 05 09 00 00 
94,接收,17:26:46.714.0,0x00000123,数据帧,标准帧,0x08,00 95 01 02 05 09 00 00 
95,接收,17:26:46.714.0,0x00000123,数据帧,标准帧,0x08,00 96 01 02 05 09 00 00 
96,接收,17:26:46.714.0,0x00000123,数据帧,标准帧,0x08,00 97 01 02 05 09 00 00 
97,接收,17:26:46.813.0,0x00000123,数据帧,标准帧,0x08,00 98 01 02 05 09 00 00 
98,接收,17:26:46.935.0,0x00000123,数据帧,标准帧,0x08,00 99 01 02 05 09 00 00 
99,接收,17:26:46.935.0,0x00000123,数据帧,标准帧,0x08,01 00 01 02 05 09 00 00 
100,接收,17:26:47.076.0,0x00000123,数据帧,标准帧,0x08,01 01 01 02 05 09 00 00 
101,接收,17:26:47.076.0,0x00000123,数据帧,标准帧,0x08,01 02 01 02 05 09 00 00 
102,接收,17:26:47.076.0,0x00000123,数据帧,标准帧,0x08,01 03 01 02 05 09 00 00 
103,接收,17:26:47.203.0,0x00000123,数据帧,标准帧,0x08,01 04 01 02 05 09 00 00 
104,接收,17:26:47.203.0,0x00000123,数据帧,标准帧,0x08,01 05 01 02 05 09 00 00 
105,接收,17:26:47.355.0,0x00000123,数据帧,标准帧,0x08,01 06 01 02 05 09 00 00 
106,接收,17:26:47.355.0,0x00000123,数据帧,标准帧,0x08,01 07 01 02 05 09 00 00 
107,接收,17:26:47.478.0,0x00000123,数据帧,标准帧,0x08,01 08 01 02 05 09 00 00 
108,接收,17:26:47.478.0,0x00000123,数据帧,标准帧,0x08,01 09 01 02 05 09 00 00 
109,接收,17:26:47.602.0,0x00000123,数据帧,标准帧,0x08,01 10 01 02 05 09 00 00 
110,接收,17:26:47.602.0,0x00000123,数据帧,标准帧,0x08,01 11 01 02 05 09 00 00 
111,接收,17:26:47.647.0,0x00000123,数据帧,标准帧,0x08,01 12 01 02 05 09 00 00 
112,接收,17:26:47.760.0,0x00000123,数据帧,标准帧,0x08,01 13 01 02 05 09 00 00 
113,接收,17:26:47.903.0,0x00000123,数据帧,标准帧,0x08,01 14 01 02 05 09 00 00 
114,接收,17:26:47.903.0,0x00000123,数据帧,标准帧,0x08,01 15 01 02 05 09 00 00 
115,接收,17:26:47.903.0,0x00000123,数据帧,标准帧,0x08,01 16 01 02 05 09 00 00 
116,接收,17:26:48.034.0,0x00000123,数据帧,标准帧,0x08,01 17 01 02 05 09 00 00 
117,接收,17:26:48.034.0,0x00000123,数据帧,标准帧,0x08,01 18 01 02 05 09 00 00 
118,接收,17:26:48.150.0,0x00000123,数据帧,标准帧,0x08,01 19 01 02 05 09 00 00 
119,接收,17:26:48.150.0,0x00000123,数据帧,标准帧,0x08,01 20 01 02 05 09 00 00 
120,接收,17:26:48.309.0,0x00000123,数据帧,标准帧,0x08,01 21 01 02 05 09 00 00 
121,接收,17:26:48.309.0,0x00000123,数据帧,标准帧,0x08,01 22 01 02 05 09 00 00 
122,接收,17:26:48.309.0,0x00000123,数据帧,标准帧,0x08,01 23 01 02 05 09 00 00 
123,接收,17:26:48.401.0,0x00000123,数据帧,标准帧,0x08,01 24 01 02 05 09 00 00 
124,接收,17:26:48.524.0,0x00000123,数据帧,标准帧,0x08,01 25 01 02 05 09 00 00 
125,接收,17:26:48.524.0,0x00000123,数据帧,标准帧,0x08,01 26 01 02 05 09 00 00 
126,接收,17:26:48.664.0,0x00000123,数据帧,标准帧,0x08,01 27 01 02 05 09 00 00 
127,接收,17:26:48.664.0,0x00000123,数据帧,标准帧,0x08,01 28 01 02 05 09 00 00 
128,接收,17:26:48.841.0,0x00000123,数据帧,标准帧,0x08,01 29 01 02 05 09 00 00 
129,接收,17:26:48.841.0,0x00000123,数据帧,标准帧,0x08,01 30 01 02 05 09 00 00 
130,接收,17:26:48.841.0,0x00000123,数据帧,标准帧,0x08,01 31 01 02 05 09 00 00 
131,接收,17:26:48.867.0,0x00000123,数据帧,标准帧,0x08,01 32 01 02 05 09 00 00 
132,接收,17:26:48.937.0,0x00000123,数据帧,标准帧,0x08,01 33 01 02 05 09 00 00 
133,接收,17:26:49.068.0,0x00000123,数据帧,标准帧,0x08,01 34 01 02 05 09 00 00 
134,接收,17:26:49.068.0,0x00000123,数据帧,标准帧,0x08,01 35 01 02 05 09 00 00 
135,接收,17:26:49.213.0,0x00000123,数据帧,标准帧,0x08,01 36 01 02 05 09 00 00 
136,接收,17:26:49.213.0,0x00000123,数据帧,标准帧,0x08,01 37 01 02 05 09 00 00 
137,接收,17:26:49.213.0,0x00000123,数据帧,标准帧,0x08,01 38 01 02 05 09 00 00 
138,接收,17:26:49.336.0,0x00000123,数据帧,标准帧,0x08,01 39 01 02 05 09 00 00 
139,接收,17:26:49.336.0,0x00000123,数据帧,标准帧,0x08,01 40 01 02 05 09 00 00 
140,接收,17:26:49.490.0,0x00000123,数据帧,标准帧,0x08,01 41 01 02 05 09 00 00 
141,接收,17:26:49.616.0,0x00000123,数据帧,标准帧,0x08,01 42 01 02 05 09 00 00 
142,接收,17:26:49.616.0,0x00000123,数据帧,标准帧,0x08,01 43 01 02 05 09 00 00 
143,接收,17:26:49.759.0,0x00000123,数据帧,标准帧,0x08,01 44 01 02 05 09 00 00 
144,接收,17:26:49.759.0,0x00000123,数据帧,标准帧,0x08,01 45 01 02 05 09 00 00 
145,接收,17:26:49.759.0,0x00000123,数据帧,标准帧,0x08,01 46 01 02 05 09 00 00 
146,接收,17:26:49.909.0,0x00000123,数据帧,标准帧,0x08,01 47 01 02 05 09 00 00 
147,接收,17:26:49.909.0,0x00000123,数据帧,标准帧,0x08,01 48 01 02 05 09 00 00 
148,接收,17:26:50.011.0,0x00000123,数据帧,标准帧,0x08,01 49 01 02 05 09 00 00 
149,接收,17:26:50.011.0,0x00000123,数据帧,标准帧,0x08,01 50 01 02 05 09 00 00 
150,接收,17:26:50.041.0,0x00000123,数据帧,标准帧,0x08,01 51 01 02 05 09 00 00 
151,接收,17:26:50.163.0,0x00000123,数据帧,标准帧,0x08,01 52 01 02 05 09 00 00 
152,接收,17:26:50.163.0,0x00000123,数据帧,标准帧,0x08,01 53 01 02 05 09 00 00 
153,接收,17:26:50.311.0,0x00000123,数据帧,标准帧,0x08,01 54 01 02 05 09 00 00 
154,接收,17:26:50.311.0,0x00000123,数据帧,标准帧,0x08,01 55 01 02 05 09 00 00 
155,接收,17:26:50.451.0,0x00000123,数据帧,标准帧,0x08,01 56 01 02 05 09 00 00 
156,接收,17:26:50.451.0,0x00000123,数据帧,标准帧,0x08,01 57 01 02 05 09 00 00 
157,接收,17:26:50.559.0,0x00000123,数据帧,标准帧,0x08,01 58 01 02 05 09 00 00 
158,接收,17:26:50.715.0,0x00000123,数据帧,标准帧,0x08,01 59 01 02 05 09 00 00 
159,接收,17:26:50.715.0,0x00000123,数据帧,标准帧,0x08,01 60 01 02 05 09 00 00 
160,接收,17:26:50.715.0,0x00000123,数据帧,标准帧,0x08,01 61 01 02 05 09 00 00 
161,接收,17:26:50.878.0,0x00000123,数据帧,标准帧,0x08,01 62 01 02 05 09 00 00 
162,接收,17:26:50.878.0,0x00000123,数据帧,标准帧,0x08,01 63 01 02 05 09 00 00 
163,接收,17:26:51.014.0,0x00000123,数据帧,标准帧,0x08,01 64 01 02 05 09 00 00 
164,接收,17:26:51.014.0,0x00000123,数据帧,标准帧,0x08,01 65 01 02 05 09 00 00 
165,接收,17:26:51.014.0,0x00000123,数据帧,标准帧,0x08,01 66 01 02 05 09 00 00 
166,接收,17:26:51.162.0,0x00000123,数据帧,标准帧,0x08,01 67 01 02 05 09 00 00 
167,接收,17:26:51.162.0,0x00000123,数据帧,标准帧,0x08,01 68 01 02 05 09 00 00 
168,接收,17:26:51.192.0,0x00000123,数据帧,标准帧,0x08,01 69 01 02 05 09 00 00 
169,接收,17:26:51.277.0,0x00000123,数据帧,标准帧,0x08,01 70 01 02 05 09 00 00 
170,接收,17:26:51.401.0,0x00000123,数据帧,标准帧,0x08,01 71 01 02 05 09 00 00 
171,接收,17:26:51.401.0,0x00000123,数据帧,标准帧,0x08,01 72 01 02 05 09 00 00 
172,接收,17:26:51.538.0,0x00000123,数据帧,标准帧,0x08,01 73 01 02 05 09 00 00 
173,接收,17:26:51.538.0,0x00000123,数据帧,标准帧,0x08,01 74 01 02 05 09 00 00 
174,接收,17:26:51.676.0,0x00000123,数据帧,标准帧,0x08,01 75 01 02 05 09 00 00 
175,接收,17:26:51.676.0,0x00000123,数据帧,标准帧,0x08,01 76 01 02 05 09 00 00 
176,接收,17:26:51.817.0,0x00000123,数据帧,标准帧,0x08,01 77 01 02 05 09 00 00 
177,接收,17:26:51.817.0,0x00000123,数据帧,标准帧,0x08,01 78 01 02 05 09 00 00 
178,接收,17:26:51.956.0,0x00000123,数据帧,标准帧,0x08,01 79 01 02 05 09 00 00 
179,接收,17:26:51.956.0,0x00000123,数据帧,标准帧,0x08,01 80 01 02 05 09 00 00 
180,接收,17:26:51.956.0,0x00000123,数据帧,标准帧,0x08,01 81 01 02 05 09 00 00 
181,接收,17:26:52.117.0,0x00000123,数据帧,标准帧,0x08,01 82 01 02 05 09 00 00 
182,接收,17:26:52.117.0,0x00000123,数据帧,标准帧,0x08,01 83 01 02 05 09 00 00 
183,接收,17:26:52.207.0,0x00000123,数据帧,标准帧,0x08,01 84 01 02 05 09 00 00 
184,接收,17:26:52.207.0,0x00000123,数据帧,标准帧,0x08,01 85 01 02 05 09 00 00 
185,接收,17:26:52.338.0,0x00000123,数据帧,标准帧,0x08,01 86 01 02 05 09 00 00 
186,接收,17:26:52.338.0,0x00000123,数据帧,标准帧,0x08,01 87 01 02 05 09 00 00 
187,接收,17:26:52.368.0,0x00000123,数据帧,标准帧,0x08,01 88 01 02 05 09 00 00 
188,接收,17:26:52.462.0,0x00000123,数据帧,标准帧,0x08,01 89 01 02 05 09 00 00 
189,接收,17:26:52.601.0,0x00000123,数据帧,标准帧,0x08,01 90 01 02 05 09 00 00 
190,接收,17:26:52.601.0,0x00000123,数据帧,标准帧,0x08,01 91 01 02 05 09 00 00 
191,接收,17:26:52.710.0,0x00000123,数据帧,标准帧,0x08,01 92 01 02 05 09 00 00 
192,接收,17:26:52.710.0,0x00000123,数据帧,标准帧,0x08,01 93 01 02 05 09 00 00 
193,接收,17:26:52.840.0,0x00000123,数据帧,标准帧,0x08,01 94 01 02 05 09 00 00 
194,接收,17:26:52.840.0,0x00000123,数据帧,标准帧,0x08,01 95 01 02 05 09 00 00 
195,接收,17:26:53.009.0,0x00000123,数据帧,标准帧,0x08,01 96 01 02 05 09 00 00 
196,接收,17:26:53.009.0,0x00000123,数据帧,标准帧,0x08,01 97 01 02 05 09 00 00 
197,接收,17:26:53.009.0,0x00000123,数据帧,标准帧,0x08,01 98 01 02 05 09 00 00 
198,接收,17:26:53.139.0,0x00000123,数据帧,标准帧,0x08,01 99 01 02 05 09 00 00 
199,接收,17:26:53.139.0,0x00000123,数据帧,标准帧,0x08,02 00 01 02 05 09 00 00 
200,接收,17:26:53.283.0,0x00000123,数据帧,标准帧,0x08,02 01 01 02 05 09 00 00 
201,接收,17:26:53.283.0,0x00000123,数据帧,标准帧,0x08,02 02 01 02 05 09 00 00 
202,接收,17:26:53.407.0,0x00000123,数据帧,标准帧,0x08,02 03 01 02 05 09 00 00 
203,接收,17:26:53.407.0,0x00000123,数据帧,标准帧,0x08,02 04 01 02 05 09 00 00 
204,接收,17:26:53.533.0,0x00000123,数据帧,标准帧,0x08,02 05 01 02 05 09 00 00 
205,接收,17:26:53.533.0,0x00000123,数据帧,标准帧,0x08,02 06 01 02 05 09 00 00 
206,接收,17:26:53.548.0,0x00000123,数据帧,标准帧,0x08,02 07 01 02 05 09 00 00 
207,接收,17:26:53.686.0,0x00000123,数据帧,标准帧,0x08,02 08 01 02 05 09 00 00 
208,接收,17:26:53.838.0,0x00000123,数据帧,标准帧,0x08,02 09 01 02 05 09 00 00 
209,接收,17:26:53.838.0,0x00000123,数据帧,标准帧,0x08,02 10 01 02 05 09 00 00 
210,接收,17:26:53.959.0,0x00000123,数据帧,标准帧,0x08,02 11 01 02 05 09 00 00 
211,接收,17:26:53.959.0,0x00000123,数据帧,标准帧,0x08,02 12 01 02 05 09 00 00 
212,接收,17:26:53.959.0,0x00000123,数据帧,标准帧,0x08,02 13 01 02 05 09 00 00 
213,接收,17:26:54.109.0,0x00000123,数据帧,标准帧,0x08,02 14 01 02 05 09 00 00 
214,接收,17:26:54.109.0,0x00000123,数据帧,标准帧,0x08,02 15 01 02 05 09 00 00 
215,接收,17:26:54.258.0,0x00000123,数据帧,标准帧,0x08,02 16 01 02 05 09 00 00 
216,接收,17:26:54.258.0,0x00000123,数据帧,标准帧,0x08,02 17 01 02 05 09 00 00 
217,接收,17:26:54.362.0,0x00000123,数据帧,标准帧,0x08,02 18 01 02 05 09 00 00 
218,接收,17:26:54.362.0,0x00000123,数据帧,标准帧,0x08,02 19 01 02 05 09 00 00 
219,接收,17:26:54.504.0,0x00000123,数据帧,标准帧,0x08,02 20 01 02 05 09 00 00 
220,接收,17:26:54.504.0,0x00000123,数据帧,标准帧,0x08,02 21 01 02 05 09 00 00 
221,接收,17:26:54.661.0,0x00000123,数据帧,标准帧,0x08,02 22 01 02 05 09 00 00 
222,接收,17:26:54.661.0,0x00000123,数据帧,标准帧,0x08,02 23 01 02 05 09 00 00 
223,接收,17:26:54.661.0,0x00000123,数据帧,标准帧,0x08,02 24 01 02 05 09 00 00 
224,接收,17:26:54.707.0,0x00000123,数据帧,标准帧,0x08,02 25 01 02 05 09 00 00 
225,接收,17:26:54.800.0,0x00000123,数据帧,标准帧,0x08,02 26 01 02 05 09 00 00 
226,接收,17:26:54.954.0,0x00000123,数据帧,标准帧,0x08,02 27 01 02 05 09 00 00 
227,接收,17:26:54.954.0,0x00000123,数据帧,标准帧,0x08,02 28 01 02 05 09 00 00 
228,接收,17:26:55.106.0,0x00000123,数据帧,标准帧,0x08,02 29 01 02 05 09 00 00 
229,接收,17:26:55.106.0,0x00000123,数据帧,标准帧,0x08,02 30 01 02 05 09 00 00 
230,接收,17:26:55.106.0,0x00000123,数据帧,标准帧,0x08,02 31 01 02 05 09 00 00 
231,接收,17:26:55.286.0,0x00000123,数据帧,标准帧,0x08,02 32 01 02 05 09 00 00 
232,接收,17:26:55.286.0,0x00000123,数据帧,标准帧,0x08,02 33 01 02 05 09 00 00 
233,接收,17:26:55.286.0,0x00000123,数据帧,标准帧,0x08,02 34 01 02 05 09 00 00 
234,接收,17:26:55.438.0,0x00000123,数据帧,标准帧,0x08,02 35 01 02 05 09 00 00 
235,接收,17:26:55.438.0,0x00000123,数据帧,标准帧,0x08,02 36 01 02 05 09 00 00 
236,接收,17:26:55.532.0,0x00000123,数据帧,标准帧,0x08,02 37 01 02 05 09 00 00 
237,接收,17:26:55.532.0,0x00000123,数据帧,标准帧,0x08,02 38 01 02 05 09 00 00 
238,接收,17:26:55.686.0,0x00000123,数据帧,标准帧,0x08,02 39 01 02 05 09 00 00 
239,接收,17:26:55.686.0,0x00000123,数据帧,标准帧,0x08,02 40 01 02 05 09 00 00 
240,接收,17:26:55.812.0,0x00000123,数据帧,标准帧,0x08,02 41 01 02 05 09 00 00 
241,接收,17:26:55.812.0,0x00000123,数据帧,标准帧,0x08,02 42 01 02 05 09 00 00 
242,接收,17:26:55.874.0,0x00000123,数据帧,标准帧,0x08,02 43 01 02 05 09 00 00 
243,接收,17:26:55.987.0,0x00000123,数据帧,标准帧,0x08,02 44 01 02 05 09 00 00 
244,接收,17:26:55.987.0,0x00000123,数据帧,标准帧,0x08,02 45 01 02 05 09 00 00 
245,接收,17:26:56.139.0,0x00000123,数据帧,标准帧,0x08,02 46 01 02 05 09 00 00 
246,接收,17:26:56.139.0,0x00000123,数据帧,标准帧,0x08,02 47 01 02 05 09 00 00 
247,接收,17:26:56.267.0,0x00000123,数据帧,标准帧,0x08,02 48 01 02 05 09 00 00 
248,接收,17:26:56.267.0,0x00000123,数据帧,标准帧,0x08,02 49 01 02 05 09 00 00 
249,接收,17:26:56.410.0,0x00000123,数据帧,标准帧,0x08,02 50 01 02 05 09 00 00 
250,接收,17:26:56.410.0,0x00000123,数据帧,标准帧,0x08,02 51 01 02 05 09 00 00 
251,接收,17:26:56.410.0,0x00000123,数据帧,标准帧,0x08,02 52 01 02 05 09 00 00 
252,接收,17:26:56.532.0,0x00000123,数据帧,标准帧,0x08,02 53 01 02 05 09 00 00 
253,接收,17:26:56.532.0,0x00000123,数据帧,标准帧,0x08,02 54 01 02 05 09 00 00 
254,接收,17:26:56.687.0,0x00000123,数据帧,标准帧,0x08,02 55 01 02 05 09 00 00 
255,接收,17:26:56.687.0,0x00000123,数据帧,标准帧,0x08,02 56 01 02 05 09 00 00 
256,接收,17:26:56.811.0,0x00000123,数据帧,标准帧,0x08,02 57 01 02 05 09 00 00 
257,接收,17:26:56.811.0,0x00000123,数据帧,标准帧,0x08,02 58 01 02 05 09 00 00 
258,接收,17:26:56.953.0,0x00000123,数据帧,标准帧,0x08,02 59 01 02 05 09 00 00 
259,接收,17:26:56.953.0,0x00000123,数据帧,标准帧,0x08,02 60 01 02 05 09 00 00 
260,接收,17:26:56.992.0,0x00000123,数据帧,标准帧,0x08,02 61 01 02 05 09 00 00 
261,接收,17:26:57.113.0,0x00000123,数据帧,标准帧,0x08,02 62 01 02 05 09 00 00 
262,接收,17:26:57.255.0,0x00000123,数据帧,标准帧,0x08,02 63 01 02 05 09 00 00 
263,接收,17:26:57.255.0,0x00000123,数据帧,标准帧,0x08,02 64 01 02 05 09 00 00 
264,接收,17:26:57.255.0,0x00000123,数据帧,标准帧,0x08,02 65 01 02 05 09 00 00 
265,接收,17:26:57.412.0,0x00000123,数据帧,标准帧,0x08,02 66 01 02 05 09 00 00 
266,接收,17:26:57.412.0,0x00000123,数据帧,标准帧,0x08,02 67 01 02 05 09 00 00 
267,接收,17:26:57.412.0,0x00000123,数据帧,标准帧,0x08,02 68 01 02 05 09 00 00 
268,接收,17:26:57.535.0,0x00000123,数据帧,标准帧,0x08,02 69 01 02 05 09 00 00 
269,接收,17:26:57.535.0,0x00000123,数据帧,标准帧,0x08,02 70 01 02 05 09 00 00 
270,接收,17:26:57.687.0,0x00000123,数据帧,标准帧,0x08,02 71 01 02 05 09 00 00 
271,接收,17:26:57.687.0,0x00000123,数据帧,标准帧,0x08,02 72 01 02 05 09 00 00 
272,接收,17:26:57.829.0,0x00000123,数据帧,标准帧,0x08,02 73 01 02 05 09 00 00 
273,接收,17:26:57.829.0,0x00000123,数据帧,标准帧,0x08,02 74 01 02 05 09 00 00 
274,接收,17:26:57.952.0,0x00000123,数据帧,标准帧,0x08,02 75 01 02 05 09 00 00 
275,接收,17:26:57.952.0,0x00000123,数据帧,标准帧,0x08,02 76 01 02 05 09 00 00 
276,接收,17:26:58.103.0,0x00000123,数据帧,标准帧,0x08,02 77 01 02 05 09 00 00 
277,接收,17:26:58.103.0,0x00000123,数据帧,标准帧,0x08,02 78 01 02 05 09 00 00 
278,接收,17:26:58.110.0,0x00000123,数据帧,标准帧,0x08,02 79 01 02 05 09 00 00 
279,接收,17:26:58.254.0,0x00000123,数据帧,标准帧,0x08,02 80 01 02 05 09 00 00 
280,接收,17:26:58.254.0,0x00000123,数据帧,标准帧,0x08,02 81 01 02 05 09 00 00 
281,接收,17:26:58.355.0,0x00000123,数据帧,标准帧,0x08,02 82 01 02 05 09 00 00 
282,接收,17:26:58.355.0,0x00000123,数据帧,标准帧,0x08,02 83 01 02 05 09 00 00 
283,接收,17:26:58.510.0,0x00000123,数据帧,标准帧,0x08,02 84 01 02 05 09 00 00 
284,接收,17:26:58.510.0,0x00000123,数据帧,标准帧,0x08,02 85 01 02 05 09 00 00 
285,接收,17:26:58.652.0,0x00000123,数据帧,标准帧,0x08,02 86 01 02 05 09 00 00 
286,接收,17:26:58.652.0,0x00000123,数据帧,标准帧,0x08,02 87 01 02 05 09 00 00 
287,接收,17:26:58.808.0,0x00000123,数据帧,标准帧,0x08,02 88 01 02 05 09 00 00 
288,接收,17:26:58.808.0,0x00000123,数据帧,标准帧,0x08,02 89 01 02 05 09 00 00 
289,接收,17:26:58.808.0,0x00000123,数据帧,标准帧,0x08,02 90 01 02 05 09 00 00 
290,接收,17:26:58.899.0,0x00000123,数据帧,标准帧,0x08,02 91 01 02 05 09 00 00 
291,接收,17:26:59.067.0,0x00000123,数据帧,标准帧,0x08,02 92 01 02 05 09 00 00 
292,接收,17:26:59.067.0,0x00000123,数据帧,标准帧,0x08,02 93 01 02 05 09 00 00 
293,接收,17:26:59.205.0,0x00000123,数据帧,标准帧,0x08,02 94 01 02 05 09 00 00 
294,接收,17:26:59.205.0,0x00000123,数据帧,标准帧,0x08,02 95 01 02 05 09 00 00 
295,接收,17:26:59.205.0,0x00000123,数据帧,标准帧,0x08,02 96 01 02 05 09 00 00 
296,接收,17:26:59.252.0,0x00000123,数据帧,标准帧,0x08,02 97 01 02 05 09 00 00 
297,接收,17:26:59.374.0,0x00000123,数据帧,标准帧,0x08,02 98 01 02 05 09 00 00 
298,接收,17:26:59.516.0,0x00000123,数据帧,标准帧,0x08,02 99 01 02 05 09 00 00 
299,接收,17:26:59.516.0,0x00000123,数据帧,标准帧,0x08,03 00 01 02 05 09 00 00 
300,接收,17:26:59.516.0,0x00000123,数据帧,标准帧,0x08,03 01 01 02 05 09 00 00 
301,接收,17:26:59.638.0,0x00000123,数据帧,标准帧,0x08,03 02 01 02 05 09 00 00 
302,接收,17:26:59.638.0,0x00000123,数据帧,标准帧,0x08,03 03 01 02 05 09 00 00 
303,接收,17:26:59.778.0,0x00000123,数据帧,标准帧,0x08,03 04 01 02 05 09 00 00 
304,接收,17:26:59.778.0,0x00000123,数据帧,标准帧,0x08,03 05 01 02 05 09 00 00 
305,接收,17:26:59.903.0,0x00000123,数据帧,标准帧,0x08,03 06 01 02 05 09 00 00 
306,接收,17:26:59.903.0,0x00000123,数据帧,标准帧,0x08,03 07 01 02 05 09 00 00 
307,接收,17:27:00.059.0,0x00000123,数据帧,标准帧,0x08,03 08 01 02 05 09 00 00 
308,接收,17:27:00.059.0,0x00000123,数据帧,标准帧,0x08,03 09 01 02 05 09 00 00 
309,接收,17:27:00.059.0,0x00000123,数据帧,标准帧,0x08,03 10 01 02 05 09 00 00 
310,接收,17:27:00.182.0,0x00000123,数据帧,标准帧,0x08,03 11 01 02 05 09 00 00 
311,接收,17:27:00.308.0,0x00000123,数据帧,标准帧,0x08,03 12 01 02 05 09 00 00 
312,接收,17:27:00.308.0,0x00000123,数据帧,标准帧,0x08,03 13 01 02 05 09 00 00 
313,接收,17:27:00.478.0,0x00000123,数据帧,标准帧,0x08,03 14 01 02 05 09 00 00 
314,接收,17:27:00.478.0,0x00000123,数据帧,标准帧,0x08,03 15 01 02 05 09 00 00 
315,接收,17:27:00.478.0,0x00000123,数据帧,标准帧,0x08,03 16 01 02 05 09 00 00 
316,接收,17:27:00.521.0,0x00000123,数据帧,标准帧,0x08,03 17 01 02 05 09 00 00 
317,接收,17:27:00.629.0,0x00000123,数据帧,标准帧,0x08,03 18 01 02 05 09 00 00 
318,接收,17:27:00.752.0,0x00000123,数据帧,标准帧,0x08,03 19 01 02 05 09 00 00 
319,接收,17:27:00.752.0,0x00000123,数据帧,标准帧,0x08,03 20 01 02 05 09 00 00 
320,接收,17:27:00.908.0,0x00000123,数据帧,标准帧,0x08,03 21 01 02 05 09 00 00 
321,接收,17:27:00.908.0,0x00000123,数据帧,标准帧,0x08,03 22 01 02 05 09 00 00 
322,接收,17:27:01.031.0,0x00000123,数据帧,标准帧,0x08,03 23 01 02 05 09 00 00 
323,接收,17:27:01.031.0,0x00000123,数据帧,标准帧,0x08,03 24 01 02 05 09 00 00 
324,接收,17:27:01.177.0,0x00000123,数据帧,标准帧,0x08,03 25 01 02 05 09 00 00 
325,接收,17:27:01.177.0,0x00000123,数据帧,标准帧,0x08,03 26 01 02 05 09 00 00 
326,接收,17:27:01.302.0,0x00000123,数据帧,标准帧,0x08,03 27 01 02 05 09 00 00 
327,接收,17:27:01.302.0,0x00000123,数据帧,标准帧,0x08,03 28 01 02 05 09 00 00 
328,接收,17:27:01.459.0,0x00000123,数据帧,标准帧,0x08,03 29 01 02 05 09 00 00 
329,接收,17:27:01.459.0,0x00000123,数据帧,标准帧,0x08,03 30 01 02 05 09 00 00 
330,接收,17:27:01.646.0,0x00000123,数据帧,标准帧,0x08,03 31 01 02 05 09 00 00 
331,接收,17:27:01.646.0,0x00000123,数据帧,标准帧,0x08,03 32 01 02 05 09 00 00 
332,接收,17:27:01.646.0,0x00000123,数据帧,标准帧,0x08,03 33 01 02 05 09 00 00 
333,接收,17:27:01.753.0,0x00000123,数据帧,标准帧,0x08,03 34 01 02 05 09 00 00 
334,接收,17:27:01.753.0,0x00000123,数据帧,标准帧,0x08,03 35 01 02 05 09 00 00 
335,接收,17:27:01.784.0,0x00000123,数据帧,标准帧,0x08,03 36 01 02 05 09 00 00 
336,接收,17:27:01.908.0,0x00000123,数据帧,标准帧,0x08,03 37 01 02 05 09 00 00 
337,接收,17:27:01.908.0,0x00000123,数据帧,标准帧,0x08,03 38 01 02 05 09 00 00 
338,接收,17:27:02.031.0,0x00000123,数据帧,标准帧,0x08,03 39 01 02 05 09 00 00 
339,接收,17:27:02.031.0,0x00000123,数据帧,标准帧,0x08,03 40 01 02 05 09 00 00 
340,接收,17:27:02.183.0,0x00000123,数据帧,标准帧,0x08,03 41 01 02 05 09 00 00 
341,接收,17:27:02.183.0,0x00000123,数据帧,标准帧,0x08,03 42 01 02 05 09 00 00 
342,接收,17:27:02.338.0,0x00000123,数据帧,标准帧,0x08,03 43 01 02 05 09 00 00 
343,接收,17:27:02.338.0,0x00000123,数据帧,标准帧,0x08,03 44 01 02 05 09 00 00 
344,接收,17:27:02.462.0,0x00000123,数据帧,标准帧,0x08,03 45 01 02 05 09 00 00 
345,接收,17:27:02.462.0,0x00000123,数据帧,标准帧,0x08,03 46 01 02 05 09 00 00 
346,接收,17:27:02.601.0,0x00000123,数据帧,标准帧,0x08,03 47 01 02 05 09 00 00 
347,接收,17:27:02.601.0,0x00000123,数据帧,标准帧,0x08,03 48 01 02 05 09 00 00 
348,接收,17:27:02.601.0,0x00000123,数据帧,标准帧,0x08,03 49 01 02 05 09 00 00 
349,接收,17:27:02.754.0,0x00000123,数据帧,标准帧,0x08,03 50 01 02 05 09 00 00 
350,接收,17:27:02.754.0,0x00000123,数据帧,标准帧,0x08,03 51 01 02 05 09 00 00 
351,接收,17:27:02.862.0,0x00000123,数据帧,标准帧,0x08,03 52 01 02 05 09 00 00 
352,接收,17:27:02.862.0,0x00000123,数据帧,标准帧,0x08,03 53 01 02 05 09 00 00 
353,接收,17:27:02.908.0,0x00000123,数据帧,标准帧,0x08,03 54 01 02 05 09 00 00 
354,接收,17:27:03.003.0,0x00000123,数据帧,标准帧,0x08,03 55 01 02 05 09 00 00 
355,接收,17:27:03.164.0,0x00000123,数据帧,标准帧,0x08,03 56 01 02 05 09 00 00 
356,接收,17:27:03.164.0,0x00000123,数据帧,标准帧,0x08,03 57 01 02 05 09 00 00 
357,接收,17:27:03.164.0,0x00000123,数据帧,标准帧,0x08,03 58 01 02 05 09 00 00 
358,接收,17:27:03.300.0,0x00000123,数据帧,标准帧,0x08,03 59 01 02 05 09 00 00 
359,接收,17:27:03.300.0,0x00000123,数据帧,标准帧,0x08,03 60 01 02 05 09 00 00 
360,接收,17:27:03.440.0,0x00000123,数据帧,标准帧,0x08,03 61 01 02 05 09 00 00 
361,接收,17:27:03.566.0,0x00000123,数据帧,标准帧,0x08,03 62 01 02 05 09 00 00 
362,接收,17:27:03.566.0,0x00000123,数据帧,标准帧,0x08,03 63 01 02 05 09 00 00 
363,接收,17:27:03.708.0,0x00000123,数据帧,标准帧,0x08,03 64 01 02 05 09 00 00 
364,接收,17:27:03.708.0,0x00000123,数据帧,标准帧,0x08,03 65 01 02 05 09 00 00 
365,接收,17:27:03.708.0,0x00000123,数据帧,标准帧,0x08,03 66 01 02 05 09 00 00 
366,接收,17:27:03.861.0,0x00000123,数据帧,标准帧,0x08,03 67 01 02 05 09 00 00 
367,接收,17:27:03.861.0,0x00000123,数据帧,标准帧,0x08,03 68 01 02 05 09 00 00 
368,接收,17:27:04.016.0,0x00000123,数据帧,标准帧,0x08,03 69 01 02 05 09 00 00 
369,接收,17:27:04.016.0,0x00000123,数据帧,标准帧,0x08,03 70 01 02 05 09 00 00 
370,接收,17:27:04.016.0,0x00000123,数据帧,标准帧,0x08,03 71 01 02 05 09 00 00 
371,接收,17:27:04.061.0,0x00000123,数据帧,标准帧,0x08,03 72 01 02 05 09 00 00 
372,接收,17:27:04.137.0,0x00000123,数据帧,标准帧,0x08,03 73 01 02 05 09 00 00 
373,接收,17:27:04.275.0,0x00000123,数据帧,标准帧,0x08,03 74 01 02 05 09 00 00 
374,接收,17:27:04.275.0,0x00000123,数据帧,标准帧,0x08,03 75 01 02 05 09 00 00 
375,接收,17:27:04.401.0,0x00000123,数据帧,标准帧,0x08,03 76 01 02 05 09 00 00 
376,接收,17:27:04.401.0,0x00000123,数据帧,标准帧,0x08,03 77 01 02 05 09 00 00 
377,接收,17:27:04.556.0,0x00000123,数据帧,标准帧,0x08,03 78 01 02 05 09 00 00 
378,接收,17:27:04.556.0,0x00000123,数据帧,标准帧,0x08,03 79 01 02 05 09 00 00 
379,接收,17:27:04.711.0,0x00000123,数据帧,标准帧,0x08,03 80 01 02 05 09 00 00 
380,接收,17:27:04.711.0,0x00000123,数据帧,标准帧,0x08,03 81 01 02 05 09 00 00 
381,接收,17:27:04.853.0,0x00000123,数据帧,标准帧,0x08,03 82 01 02 05 09 00 00 
382,接收,17:27:04.853.0,0x00000123,数据帧,标准帧,0x08,03 83 01 02 05 09 00 00 
383,接收,17:27:04.853.0,0x00000123,数据帧,标准帧,0x08,03 84 01 02 05 09 00 00 
384,接收,17:27:05.007.0,0x00000123,数据帧,标准帧,0x08,03 85 01 02 05 09 00 00 
385,接收,17:27:05.007.0,0x00000123,数据帧,标准帧,0x08,03 86 01 02 05 09 00 00 
386,接收,17:27:05.114.0,0x00000123,数据帧,标准帧,0x08,03 87 01 02 05 09 00 00 
387,接收,17:27:05.114.0,0x00000123,数据帧,标准帧,0x08,03 88 01 02 05 09 00 00 
388,接收,17:27:05.238.0,0x00000123,数据帧,标准帧,0x08,03 89 01 02 05 09 00 00 
389,接收,17:27:05.238.0,0x00000123,数据帧,标准帧,0x08,03 90 01 02 05 09 00 00 
390,接收,17:27:05.284.0,0x00000123,数据帧,标准帧,0x08,03 91 01 02 05 09 00 00 
391,接收,17:27:05.363.0,0x00000123,数据帧,标准帧,0x08,03 92 01 02 05 09 00 00 
392,接收,17:27:05.503.0,0x00000123,数据帧,标准帧,0x08,03 93 01 02 05 09 00 00 
393,接收,17:27:05.503.0,0x00000123,数据帧,标准帧,0x08,03 94 01 02 05 09 00 00 
394,接收,17:27:05.657.0,0x00000123,数据帧,标准帧,0x08,03 95 01 02 05 09 00 00 
395,接收,17:27:05.657.0,0x00000123,数据帧,标准帧,0x08,03 96 01 02 05 09 00 00 
396,接收,17:27:05.814.0,0x00000123,数据帧,标准帧,0x08,03 97 01 02 05 09 00 00 
397,接收,17:27:05.814.0,0x00000123,数据帧,标准帧,0x08,03 98 01 02 05 09 00 00 
398,接收,17:27:05.814.0,0x00000123,数据帧,标准帧,0x08,03 99 01 02 05 09 00 00 
399,接收,17:27:05.937.0,0x00000123,数据帧,标准帧,0x08,04 00 01 02 05 09 00 00 
400,接收,17:27:05.937.0,0x00000123,数据帧,标准帧,0x08,04 01 01 02 05 09 00 00 
401,接收,17:27:06.077.0,0x00000123,数据帧,标准帧,0x08,04 02 01 02 05 09 00 00 
402,接收,17:27:06.077.0,0x00000123,数据帧,标准帧,0x08,04 03 01 02 05 09 00 00 
403,接收,17:27:06.232.0,0x00000123,数据帧,标准帧,0x08,04 04 01 02 05 09 00 00 
404,接收,17:27:06.232.0,0x00000123,数据帧,标准帧,0x08,04 05 01 02 05 09 00 00 
405,接收,17:27:06.356.0,0x00000123,数据帧,标准帧,0x08,04 06 01 02 05 09 00 00 
406,接收,17:27:06.356.0,0x00000123,数据帧,标准帧,0x08,04 07 01 02 05 09 00 00 
407,接收,17:27:06.511.0,0x00000123,数据帧,标准帧,0x08,04 08 01 02 05 09 00 00 
408,接收,17:27:06.511.0,0x00000123,数据帧,标准帧,0x08,04 09 01 02 05 09 00 00 
409,接收,17:27:06.511.0,0x00000123,数据帧,标准帧,0x08,04 10 01 02 05 09 00 00 
410,接收,17:27:06.558.0,0x00000123,数据帧,标准帧,0x08,04 11 01 02 05 09 00 00 
411,接收,17:27:06.654.0,0x00000123,数据帧,标准帧,0x08,04 12 01 02 05 09 00 00 
412,接收,17:27:06.842.0,0x00000123,数据帧,标准帧,0x08,04 13 01 02 05 09 00 00 
413,接收,17:27:06.842.0,0x00000123,数据帧,标准帧,0x08,04 14 01 02 05 09 00 00 
414,接收,17:27:06.964.0,0x00000123,数据帧,标准帧,0x08,04 15 01 02 05 09 00 00 
415,接收,17:27:06.964.0,0x00000123,数据帧,标准帧,0x08,04 16 01 02 05 09 00 00 
416,接收,17:27:07.107.0,0x00000123,数据帧,标准帧,0x08,04 17 01 02 05 09 00 00 
417,接收,17:27:07.107.0,0x00000123,数据帧,标准帧,0x08,04 18 01 02 05 09 00 00 
418,接收,17:27:07.107.0,0x00000123,数据帧,标准帧,0x08,04 19 01 02 05 09 00 00 
419,接收,17:27:07.263.0,0x00000123,数据帧,标准帧,0x08,04 20 01 02 05 09 00 00 
420,接收,17:27:07.263.0,0x00000123,数据帧,标准帧,0x08,04 21 01 02 05 09 00 00 
421,接收,17:27:07.356.0,0x00000123,数据帧,标准帧,0x08,04 22 01 02 05 09 00 00 
422,接收,17:27:07.356.0,0x00000123,数据帧,标准帧,0x08,04 23 01 02 05 09 00 00 
423,接收,17:27:07.510.0,0x00000123,数据帧,标准帧,0x08,04 24 01 02 05 09 00 00 
424,接收,17:27:07.510.0,0x00000123,数据帧,标准帧,0x08,04 25 01 02 05 09 00 00 
425,接收,17:27:07.650.0,0x00000123,数据帧,标准帧,0x08,04 26 01 02 05 09 00 00 
426,接收,17:27:07.650.0,0x00000123,数据帧,标准帧,0x08,04 27 01 02 05 09 00 00 
427,接收,17:27:07.821.0,0x00000123,数据帧,标准帧,0x08,04 28 01 02 05 09 00 00 
428,接收,17:27:07.821.0,0x00000123,数据帧,标准帧,0x08,04 29 01 02 05 09 00 00 
429,接收,17:27:07.821.0,0x00000123,数据帧,标准帧,0x08,04 30 01 02 05 09 00 00 
430,接收,17:27:07.882.0,0x00000123,数据帧,标准帧,0x08,04 31 01 02 05 09 00 00 
431,接收,17:27:07.943.0,0x00000123,数据帧,标准帧,0x08,04 32 01 02 05 09 00 00 
432,接收,17:27:08.037.0,0x00000123,数据帧,标准帧,0x08,04 33 01 02 05 09 00 00 
433,接收,17:27:08.178.0,0x00000123,数据帧,标准帧,0x08,04 34 01 02 05 09 00 00 
434,接收,17:27:08.178.0,0x00000123,数据帧,标准帧,0x08,04 35 01 02 05 09 00 00 
435,接收,17:27:08.302.0,0x00000123,数据帧,标准帧,0x08,04 36 01 02 05 09 00 00 
436,接收,17:27:08.302.0,0x00000123,数据帧,标准帧,0x08,04 37 01 02 05 09 00 00 
437,接收,17:27:08.459.0,0x00000123,数据帧,标准帧,0x08,04 38 01 02 05 09 00 00 
438,接收,17:27:08.459.0,0x00000123,数据帧,标准帧,0x08,04 39 01 02 05 09 00 00 
439,接收,17:27:08.459.0,0x00000123,数据帧,标准帧,0x08,04 40 01 02 05 09 00 00 
440,接收,17:27:08.581.0,0x00000123,数据帧,标准帧,0x08,04 41 01 02 05 09 00 00 
441,接收,17:27:08.581.0,0x00000123,数据帧,标准帧,0x08,04 42 01 02 05 09 00 00 
442,接收,17:27:08.718.0,0x00000123,数据帧,标准帧,0x08,04 43 01 02 05 09 00 00 
443,接收,17:27:08.718.0,0x00000123,数据帧,标准帧,0x08,04 44 01 02 05 09 00 00 
444,接收,17:27:08.856.0,0x00000123,数据帧,标准帧,0x08,04 45 01 02 05 09 00 00 
445,接收,17:27:08.856.0,0x00000123,数据帧,标准帧,0x08,04 46 01 02 05 09 00 00 
446,接收,17:27:09.009.0,0x00000123,数据帧,标准帧,0x08,04 47 01 02 05 09 00 00 
447,接收,17:27:09.009.0,0x00000123,数据帧,标准帧,0x08,04 48 01 02 05 09 00 00 
448,接收,17:27:09.024.0,0x00000123,数据帧,标准帧,0x08,04 49 01 02 05 09 00 00 
449,接收,17:27:09.134.0,0x00000123,数据帧,标准帧,0x08,04 50 01 02 05 09 00 00 
450,接收,17:27:09.259.0,0x00000123,数据帧,标准帧,0x08,04 51 01 02 05 09 00 00 
451,接收,17:27:09.259.0,0x00000123,数据帧,标准帧,0x08,04 52 01 02 05 09 00 00 
452,接收,17:27:09.414.0,0x00000123,数据帧,标准帧,0x08,04 53 01 02 05 09 00 00 
453,接收,17:27:09.414.0,0x00000123,数据帧,标准帧,0x08,04 54 01 02 05 09 00 00 
454,接收,17:27:09.414.0,0x00000123,数据帧,标准帧,0x08,04 55 01 02 05 09 00 00 
455,接收,17:27:09.554.0,0x00000123,数据帧,标准帧,0x08,04 56 01 02 05 09 00 00 
456,接收,17:27:09.554.0,0x00000123,数据帧,标准帧,0x08,04 57 01 02 05 09 00 00 
457,接收,17:27:09.700.0,0x00000123,数据帧,标准帧,0x08,04 58 01 02 05 09 00 00 
458,接收,17:27:09.700.0,0x00000123,数据帧,标准帧,0x08,04 59 01 02 05 09 00 00 
459,接收,17:27:09.857.0,0x00000123,数据帧,标准帧,0x08,04 60 01 02 05 09 00 00 
460,接收,17:27:09.857.0,0x00000123,数据帧,标准帧,0x08,04 61 01 02 05 09 00 00 
461,接收,17:27:10.009.0,0x00000123,数据帧,标准帧,0x08,04 62 01 02 05 09 00 00 
462,接收,17:27:10.009.0,0x00000123,数据帧,标准帧,0x08,04 63 01 02 05 09 00 00 
463,接收,17:27:10.009.0,0x00000123,数据帧,标准帧,0x08,04 64 01 02 05 09 00 00 
464,接收,17:27:10.157.0,0x00000123,数据帧,标准帧,0x08,04 65 01 02 05 09 00 00 
465,接收,17:27:10.157.0,0x00000123,数据帧,标准帧,0x08,04 66 01 02 05 09 00 00 
466,接收,17:27:10.172.0,0x00000123,数据帧,标准帧,0x08,04 67 01 02 05 09 00 00 
467,接收,17:27:10.309.0,0x00000123,数据帧,标准帧,0x08,04 68 01 02 05 09 00 00 
468,接收,17:27:10.309.0,0x00000123,数据帧,标准帧,0x08,04 69 01 02 05 09 00 00 
469,接收,17:27:10.433.0,0x00000123,数据帧,标准帧,0x08,04 70 01 02 05 09 00 00 
470,接收,17:27:10.433.0,0x00000123,数据帧,标准帧,0x08,04 71 01 02 05 09 00 00 
471,接收,17:27:10.582.0,0x00000123,数据帧,标准帧,0x08,04 72 01 02 05 09 00 00 
472,接收,17:27:10.582.0,0x00000123,数据帧,标准帧,0x08,04 73 01 02 05 09 00 00 
473,接收,17:27:10.734.0,0x00000123,数据帧,标准帧,0x08,04 74 01 02 05 09 00 00 
474,接收,17:27:10.734.0,0x00000123,数据帧,标准帧,0x08,04 75 01 02 05 09 00 00 
475,接收,17:27:10.734.0,0x00000123,数据帧,标准帧,0x08,04 76 01 02 05 09 00 00 
476,接收,17:27:10.858.0,0x00000123,数据帧,标准帧,0x08,04 77 01 02 05 09 00 00 
477,接收,17:27:10.858.0,0x00000123,数据帧,标准帧,0x08,04 78 01 02 05 09 00 00 
478,接收,17:27:10.978.0,0x00000123,数据帧,标准帧,0x08,04 79 01 02 05 09 00 00 
479,接收,17:27:10.978.0,0x00000123,数据帧,标准帧,0x08,04 80 01 02 05 09 00 00 
480,接收,17:27:11.164.0,0x00000123,数据帧,标准帧,0x08,04 81 01 02 05 09 00 00 
481,接收,17:27:11.164.0,0x00000123,数据帧,标准帧,0x08,04 82 01 02 05 09 00 00 
482,接收,17:27:11.164.0,0x00000123,数据帧,标准帧,0x08,04 83 01 02 05 09 00 00 
483,接收,17:27:11.255.0,0x00000123,数据帧,标准帧,0x08,04 84 01 02 05 09 00 00 
484,接收,17:27:11.286.0,0x00000123,数据帧,标准帧,0x08,04 85 01 02 05 09 00 00 
485,接收,17:27:11.434.0,0x00000123,数据帧,标准帧,0x08,04 86 01 02 05 09 00 00 
486,接收,17:27:11.434.0,0x00000123,数据帧,标准帧,0x08,04 87 01 02 05 09 00 00 
487,接收,17:27:11.533.0,0x00000123,数据帧,标准帧,0x08,04 88 01 02 05 09 00 00 
488,接收,17:27:11.533.0,0x00000123,数据帧,标准帧,0x08,04 89 01 02 05 09 00 00 
489,接收,17:27:11.660.0,0x00000123,数据帧,标准帧,0x08,04 90 01 02 05 09 00 00 
490,接收,17:27:11.660.0,0x00000123,数据帧,标准帧,0x08,04 91 01 02 05 09 00 00 
491,接收,17:27:11.808.0,0x00000123,数据帧,标准帧,0x08,04 92 01 02 05 09 00 00 
492,接收,17:27:11.808.0,0x00000123,数据帧,标准帧,0x08,04 93 01 02 05 09 00 00 
493,接收,17:27:11.967.0,0x00000123,数据帧,标准帧,0x08,04 94 01 02 05 09 00 00 
494,接收,17:27:11.967.0,0x00000123,数据帧,标准帧,0x08,04 95 01 02 05 09 00 00 
495,接收,17:27:11.967.0,0x00000123,数据帧,标准帧,0x08,04 96 01 02 05 09 00 00 
496,接收,17:27:12.105.0,0x00000123,数据帧,标准帧,0x08,04 97 01 02 05 09 00 00 
497,接收,17:27:12.105.0,0x00000123,数据帧,标准帧,0x08,04 98 01 02 05 09 00 00 
498,接收,17:27:12.258.0,0x00000123,数据帧,标准帧,0x08,04 99 01 02 05 09 00 00 
499,接收,17:27:12.258.0,0x00000123,数据帧,标准帧,0x08,05 00 01 02 05 09 00 00 
500,接收,17:27:12.415.0,0x00000123,数据帧,标准帧,0x08,05 01 01 02 05 09 00 00 
501,接收,17:27:12.415.0,0x00000123,数据帧,标准帧,0x08,05 02 01 02 05 09 00 00 
502,接收,17:27:12.415.0,0x00000123,数据帧,标准帧,0x08,05 03 01 02 05 09 00 00 
503,接收,17:27:12.463.0,0x00000123,数据帧,标准帧,0x08,05 04 01 02 05 09 00 00 
504,接收,17:27:12.526.0,0x00000123,数据帧,标准帧,0x08,05 05 01 02 05 09 00 00 
505,接收,17:27:12.682.0,0x00000123,数据帧,标准帧,0x08,05 06 01 02 05 09 00 00 
506,接收,17:27:12.682.0,0x00000123,数据帧,标准帧,0x08,05 07 01 02 05 09 00 00 
507,接收,17:27:12.814.0,0x00000123,数据帧,标准帧,0x08,05 08 01 02 05 09 00 00 
508,接收,17:27:12.814.0,0x00000123,数据帧,标准帧,0x08,05 09 01 02 05 09 00 00 
509,接收,17:27:12.959.0,0x00000123,数据帧,标准帧,0x08,05 10 01 02 05 09 00 00 
510,接收,17:27:12.959.0,0x00000123,数据帧,标准帧,0x08,05 11 01 02 05 09 00 00 
511,接收,17:27:12.959.0,0x00000123,数据帧,标准帧,0x08,05 12 01 02 05 09 00 00 
512,接收,17:27:13.089.0,0x00000123,数据帧,标准帧,0x08,05 13 01 02 05 09 00 00 
513,接收,17:27:13.089.0,0x00000123,数据帧,标准帧,0x08,05 14 01 02 05 09 00 00 
514,接收,17:27:13.203.0,0x00000123,数据帧,标准帧,0x08,05 15 01 02 05 09 00 00 
515,接收,17:27:13.203.0,0x00000123,数据帧,标准帧,0x08,05 16 01 02 05 09 00 00 
516,接收,17:27:13.345.0,0x00000123,数据帧,标准帧,0x08,05 17 01 02 05 09 00 00 
517,接收,17:27:13.345.0,0x00000123,数据帧,标准帧,0x08,05 18 01 02 05 09 00 00 
518,接收,17:27:13.487.0,0x00000123,数据帧,标准帧,0x08,05 19 01 02 05 09 00 00 
519,接收,17:27:13.487.0,0x00000123,数据帧,标准帧,0x08,05 20 01 02 05 09 00 00 
520,接收,17:27:13.607.0,0x00000123,数据帧,标准帧,0x08,05 21 01 02 05 09 00 00 
521,接收,17:27:13.607.0,0x00000123,数据帧,标准帧,0x08,05 22 01 02 05 09 00 00 
522,接收,17:27:13.642.0,0x00000123,数据帧,标准帧,0x08,05 23 01 02 05 09 00 00 
523,接收,17:27:13.762.0,0x00000123,数据帧,标准帧,0x08,05 24 01 02 05 09 00 00 
524,接收,17:27:13.762.0,0x00000123,数据帧,标准帧,0x08,05 25 01 02 05 09 00 00 
525,接收,17:27:13.912.0,0x00000123,数据帧,标准帧,0x08,05 26 01 02 05 09 00 00 
526,接收,17:27:13.912.0,0x00000123,数据帧,标准帧,0x08,05 27 01 02 05 09 00 00 
527,接收,17:27:14.018.0,0x00000123,数据帧,标准帧,0x08,05 28 01 02 05 09 00 00 
528,接收,17:27:14.018.0,0x00000123,数据帧,标准帧,0x08,05 29 01 02 05 09 00 00 
529,接收,17:27:14.159.0,0x00000123,数据帧,标准帧,0x08,05 30 01 02 05 09 00 00 
530,接收,17:27:14.159.0,0x00000123,数据帧,标准帧,0x08,05 31 01 02 05 09 00 00 
531,接收,17:27:14.305.0,0x00000123,数据帧,标准帧,0x08,05 32 01 02 05 09 00 00 
532,接收,17:27:14.305.0,0x00000123,数据帧,标准帧,0x08,05 33 01 02 05 09 00 00 
533,接收,17:27:14.430.0,0x00000123,数据帧,标准帧,0x08,05 34 01 02 05 09 00 00 
534,接收,17:27:14.430.0,0x00000123,数据帧,标准帧,0x08,05 35 01 02 05 09 00 00 
535,接收,17:27:14.585.0,0x00000123,数据帧,标准帧,0x08,05 36 01 02 05 09 00 00 
536,接收,17:27:14.585.0,0x00000123,数据帧,标准帧,0x08,05 37 01 02 05 09 00 00 
537,接收,17:27:14.712.0,0x00000123,数据帧,标准帧,0x08,05 38 01 02 05 09 00 00 
538,接收,17:27:14.712.0,0x00000123,数据帧,标准帧,0x08,05 39 01 02 05 09 00 00 
539,接收,17:27:14.827.0,0x00000123,数据帧,标准帧,0x08,05 40 01 02 05 09 00 00 
540,接收,17:27:14.827.0,0x00000123,数据帧,标准帧,0x08,05 41 01 02 05 09 00 00 
541,接收,17:27:14.843.0,0x00000123,数据帧,标准帧,0x08,05 42 01 02 05 09 00 00 
542,接收,17:27:14.977.0,0x00000123,数据帧,标准帧,0x08,05 43 01 02 05 09 00 00 
543,接收,17:27:14.977.0,0x00000123,数据帧,标准帧,0x08,05 44 01 02 05 09 00 00 
544,接收,17:27:15.139.0,0x00000123,数据帧,标准帧,0x08,05 45 01 02 05 09 00 00 
545,接收,17:27:15.139.0,0x00000123,数据帧,标准帧,0x08,05 46 01 02 05 09 00 00 
546,接收,17:27:15.139.0,0x00000123,数据帧,标准帧,0x08,05 47 01 02 05 09 00 00 
547,接收,17:27:15.260.0,0x00000123,数据帧,标准帧,0x08,05 48 01 02 05 09 00 00 
548,接收,17:27:15.432.0,0x00000123,数据帧,标准帧,0x08,05 49 01 02 05 09 00 00 
549,接收,17:27:15.432.0,0x00000123,数据帧,标准帧,0x08,05 50 01 02 05 09 00 00 
550,接收,17:27:15.432.0,0x00000123,数据帧,标准帧,0x08,05 51 01 02 05 09 00 00 
551,接收,17:27:15.557.0,0x00000123,数据帧,标准帧,0x08,05 52 01 02 05 09 00 00 
552,接收,17:27:15.557.0,0x00000123,数据帧,标准帧,0x08,05 53 01 02 05 09 00 00 
553,接收,17:27:15.704.0,0x00000123,数据帧,标准帧,0x08,05 54 01 02 05 09 00 00 
554,接收,17:27:15.704.0,0x00000123,数据帧,标准帧,0x08,05 55 01 02 05 09 00 00 
555,接收,17:27:15.859.0,0x00000123,数据帧,标准帧,0x08,05 56 01 02 05 09 00 00 
556,接收,17:27:15.859.0,0x00000123,数据帧,标准帧,0x08,05 57 01 02 05 09 00 00 
557,接收,17:27:15.859.0,0x00000123,数据帧,标准帧,0x08,05 58 01 02 05 09 00 00 
558,接收,17:27:16.010.0,0x00000123,数据帧,标准帧,0x08,05 59 01 02 05 09 00 00 
559,接收,17:27:16.010.0,0x00000123,数据帧,标准帧,0x08,05 60 01 02 05 09 00 00 
560,接收,17:27:16.010.0,0x00000123,数据帧,标准帧,0x08,05 61 01 02 05 09 00 00 
561,接收,17:27:16.077.0,0x00000123,数据帧,标准帧,0x08,05 62 01 02 05 09 00 00 
562,接收,17:27:16.154.0,0x00000123,数据帧,标准帧,0x08,05 63 01 02 05 09 00 00 
563,接收,17:27:16.254.0,0x00000123,数据帧,标准帧,0x08,05 64 01 02 05 09 00 00 
564,接收,17:27:16.254.0,0x00000123,数据帧,标准帧,0x08,05 65 01 02 05 09 00 00 
565,接收,17:27:16.403.0,0x00000123,数据帧,标准帧,0x08,05 66 01 02 05 09 00 00 
566,接收,17:27:16.403.0,0x00000123,数据帧,标准帧,0x08,05 67 01 02 05 09 00 00 
567,接收,17:27:16.588.0,0x00000123,数据帧,标准帧,0x08,05 68 01 02 05 09 00 00 
568,接收,17:27:16.588.0,0x00000123,数据帧,标准帧,0x08,05 69 01 02 05 09 00 00 
569,接收,17:27:16.588.0,0x00000123,数据帧,标准帧,0x08,05 70 01 02 05 09 00 00 
570,接收,17:27:16.712.0,0x00000123,数据帧,标准帧,0x08,05 71 01 02 05 09 00 00 
571,接收,17:27:16.712.0,0x00000123,数据帧,标准帧,0x08,05 72 01 02 05 09 00 00 
572,接收,17:27:16.858.0,0x00000123,数据帧,标准帧,0x08,05 73 01 02 05 09 00 00 
573,接收,17:27:16.858.0,0x00000123,数据帧,标准帧,0x08,05 74 01 02 05 09 00 00 
574,接收,17:27:16.987.0,0x00000123,数据帧,标准帧,0x08,05 75 01 02 05 09 00 00 
575,接收,17:27:16.987.0,0x00000123,数据帧,标准帧,0x08,05 76 01 02 05 09 00 00 
576,接收,17:27:17.102.0,0x00000123,数据帧,标准帧,0x08,05 77 01 02 05 09 00 00 
577,接收,17:27:17.102.0,0x00000123,数据帧,标准帧,0x08,05 78 01 02 05 09 00 00 
578,接收,17:27:17.289.0,0x00000123,数据帧,标准帧,0x08,05 79 01 02 05 09 00 00 
579,接收,17:27:17.289.0,0x00000123,数据帧,标准帧,0x08,05 80 01 02 05 09 00 00 
580,接收,17:27:17.289.0,0x00000123,数据帧,标准帧,0x08,05 81 01 02 05 09 00 00 
581,接收,17:27:17.289.0,0x00000123,数据帧,标准帧,0x08,05 82 01 02 05 09 00 00 
582,接收,17:27:17.430.0,0x00000123,数据帧,标准帧,0x08,05 83 01 02 05 09 00 00 
583,接收,17:27:17.555.0,0x00000123,数据帧,标准帧,0x08,05 84 01 02 05 09 00 00 
584,接收,17:27:17.555.0,0x00000123,数据帧,标准帧,0x08,05 85 01 02 05 09 00 00 
585,接收,17:27:17.683.0,0x00000123,数据帧,标准帧,0x08,05 86 01 02 05 09 00 00 
586,接收,17:27:17.683.0,0x00000123,数据帧,标准帧,0x08,05 87 01 02 05 09 00 00 
587,接收,17:27:17.840.0,0x00000123,数据帧,标准帧,0x08,05 88 01 02 05 09 00 00 
588,接收,17:27:17.840.0,0x00000123,数据帧,标准帧,0x08,05 89 01 02 05 09 00 00 
589,接收,17:27:17.840.0,0x00000123,数据帧,标准帧,0x08,05 90 01 02 05 09 00 00 
590,接收,17:27:17.988.0,0x00000123,数据帧,标准帧,0x08,05 91 01 02 05 09 00 00 
591,接收,17:27:17.988.0,0x00000123,数据帧,标准帧,0x08,05 92 01 02 05 09 00 00 
592,接收,17:27:18.105.0,0x00000123,数据帧,标准帧,0x08,05 93 01 02 05 09 00 00 
593,接收,17:27:18.105.0,0x00000123,数据帧,标准帧,0x08,05 94 01 02 05 09 00 00 
594,接收,17:27:18.270.0,0x00000123,数据帧,标准帧,0x08,05 95 01 02 05 09 00 00 
595,接收,17:27:18.270.0,0x00000123,数据帧,标准帧,0x08,05 96 01 02 05 09 00 00 
596,接收,17:27:18.270.0,0x00000123,数据帧,标准帧,0x08,05 97 01 02 05 09 00 00 
597,接收,17:27:18.407.0,0x00000123,数据帧,标准帧,0x08,05 98 01 02 05 09 00 00 
598,接收,17:27:18.407.0,0x00000123,数据帧,标准帧,0x08,05 99 01 02 05 09 00 00 
599,接收,17:27:18.407.0,0x00000123,数据帧,标准帧,0x08,06 00 01 02 05 09 00 00 
600,接收,17:27:18.499.0,0x00000123,数据帧,标准帧,0x08,06 01 01 02 05 09 00 00 
601,接收,17:27:18.559.0,0x00000123,数据帧,标准帧,0x08,06 02 01 02 05 09 00 00 
602,接收,17:27:18.653.0,0x00000123,数据帧,标准帧,0x08,06 03 01 02 05 09 00 00 
603,接收,17:27:18.819.0,0x00000123,数据帧,标准帧,0x08,06 04 01 02 05 09 00 00 
604,接收,17:27:18.819.0,0x00000123,数据帧,标准帧,0x08,06 05 01 02 05 09 00 00 
605,接收,17:27:18.819.0,0x00000123,数据帧,标准帧,0x08,06 06 01 02 05 09 00 00 
606,接收,17:27:18.932.0,0x00000123,数据帧,标准帧,0x08,06 07 01 02 05 09 00 00 
607,接收,17:27:18.932.0,0x00000123,数据帧,标准帧,0x08,06 08 01 02 05 09 00 00 
608,接收,17:27:19.090.0,0x00000123,数据帧,标准帧,0x08,06 09 01 02 05 09 00 00 
609,接收,17:27:19.090.0,0x00000123,数据帧,标准帧,0x08,06 10 01 02 05 09 00 00 
610,接收,17:27:19.090.0,0x00000123,数据帧,标准帧,0x08,06 11 01 02 05 09 00 00 
611,接收,17:27:19.208.0,0x00000123,数据帧,标准帧,0x08,06 12 01 02 05 09 00 00 
612,接收,17:27:19.208.0,0x00000123,数据帧,标准帧,0x08,06 13 01 02 05 09 00 00 
613,接收,17:27:19.340.0,0x00000123,数据帧,标准帧,0x08,06 14 01 02 05 09 00 00 
614,接收,17:27:19.340.0,0x00000123,数据帧,标准帧,0x08,06 15 01 02 05 09 00 00 
615,接收,17:27:19.479.0,0x00000123,数据帧,标准帧,0x08,06 16 01 02 05 09 00 00 
616,接收,17:27:19.479.0,0x00000123,数据帧,标准帧,0x08,06 17 01 02 05 09 00 00 
617,接收,17:27:19.635.0,0x00000123,数据帧,标准帧,0x08,06 18 01 02 05 09 00 00 
618,接收,17:27:19.635.0,0x00000123,数据帧,标准帧,0x08,06 19 01 02 05 09 00 00 
619,接收,17:27:19.666.0,0x00000123,数据帧,标准帧,0x08,06 20 01 02 05 09 00 00 
620,接收,17:27:19.764.0,0x00000123,数据帧,标准帧,0x08,06 21 01 02 05 09 00 00 
621,接收,17:27:19.905.0,0x00000123,数据帧,标准帧,0x08,06 22 01 02 05 09 00 00 
622,接收,17:27:19.905.0,0x00000123,数据帧,标准帧,0x08,06 23 01 02 05 09 00 00 
623,接收,17:27:19.905.0,0x00000123,数据帧,标准帧,0x08,06 24 01 02 05 09 00 00 
624,接收,17:27:20.057.0,0x00000123,数据帧,标准帧,0x08,06 25 01 02 05 09 00 00 
625,接收,17:27:20.057.0,0x00000123,数据帧,标准帧,0x08,06 26 01 02 05 09 00 00 
626,接收,17:27:20.165.0,0x00000123,数据帧,标准帧,0x08,06 27 01 02 05 09 00 00 
627,接收,17:27:20.165.0,0x00000123,数据帧,标准帧,0x08,06 28 01 02 05 09 00 00 
628,接收,17:27:20.335.0,0x00000123,数据帧,标准帧,0x08,06 29 01 02 05 09 00 00 
629,接收,17:27:20.335.0,0x00000123,数据帧,标准帧,0x08,06 30 01 02 05 09 00 00 
630,接收,17:27:20.335.0,0x00000123,数据帧,标准帧,0x08,06 31 01 02 05 09 00 00 
631,接收,17:27:20.459.0,0x00000123,数据帧,标准帧,0x08,06 32 01 02 05 09 00 00 
632,接收,17:27:20.459.0,0x00000123,数据帧,标准帧,0x08,06 33 01 02 05 09 00 00 
633,接收,17:27:20.601.0,0x00000123,数据帧,标准帧,0x08,06 34 01 02 05 09 00 00 
634,接收,17:27:20.601.0,0x00000123,数据帧,标准帧,0x08,06 35 01 02 05 09 00 00 
635,接收,17:27:20.717.0,0x00000123,数据帧,标准帧,0x08,06 36 01 02 05 09 00 00 
636,接收,17:27:20.717.0,0x00000123,数据帧,标准帧,0x08,06 37 01 02 05 09 00 00 
637,接收,17:27:20.781.0,0x00000123,数据帧,标准帧,0x08,06 38 01 02 05 09 00 00 
638,接收,17:27:20.841.0,0x00000123,数据帧,标准帧,0x08,06 39 01 02 05 09 00 00 
639,接收,17:27:20.978.0,0x00000123,数据帧,标准帧,0x08,06 40 01 02 05 09 00 00 
640,接收,17:27:20.978.0,0x00000123,数据帧,标准帧,0x08,06 41 01 02 05 09 00 00 
641,接收,17:27:21.108.0,0x00000123,数据帧,标准帧,0x08,06 42 01 02 05 09 00 00 
642,接收,17:27:21.108.0,0x00000123,数据帧,标准帧,0x08,06 43 01 02 05 09 00 00 
643,接收,17:27:21.259.0,0x00000123,数据帧,标准帧,0x08,06 44 01 02 05 09 00 00 
644,接收,17:27:21.259.0,0x00000123,数据帧,标准帧,0x08,06 45 01 02 05 09 00 00 
645,接收,17:27:21.383.0,0x00000123,数据帧,标准帧,0x08,06 46 01 02 05 09 00 00 
646,接收,17:27:21.383.0,0x00000123,数据帧,标准帧,0x08,06 47 01 02 05 09 00 00 
647,接收,17:27:21.507.0,0x00000123,数据帧,标准帧,0x08,06 48 01 02 05 09 00 00 
648,接收,17:27:21.507.0,0x00000123,数据帧,标准帧,0x08,06 49 01 02 05 09 00 00 
649,接收,17:27:21.663.0,0x00000123,数据帧,标准帧,0x08,06 50 01 02 05 09 00 00 
650,接收,17:27:21.663.0,0x00000123,数据帧,标准帧,0x08,06 51 01 02 05 09 00 00 
651,接收,17:27:21.818.0,0x00000123,数据帧,标准帧,0x08,06 52 01 02 05 09 00 00 
652,接收,17:27:21.818.0,0x00000123,数据帧,标准帧,0x08,06 53 01 02 05 09 00 00 
653,接收,17:27:21.927.0,0x00000123,数据帧,标准帧,0x08,06 54 01 02 05 09 00 00 
654,接收,17:27:21.927.0,0x00000123,数据帧,标准帧,0x08,06 55 01 02 05 09 00 00 
655,接收,17:27:21.942.0,0x00000123,数据帧,标准帧,0x08,06 56 01 02 05 09 00 00 
656,接收,17:27:22.064.0,0x00000123,数据帧,标准帧,0x08,06 57 01 02 05 09 00 00 
657,接收,17:27:22.215.0,0x00000123,数据帧,标准帧,0x08,06 58 01 02 05 09 00 00 
658,接收,17:27:22.215.0,0x00000123,数据帧,标准帧,0x08,06 59 01 02 05 09 00 00 
659,接收,17:27:22.215.0,0x00000123,数据帧,标准帧,0x08,06 60 01 02 05 09 00 00 
660,接收,17:27:22.313.0,0x00000123,数据帧,标准帧,0x08,06 61 01 02 05 09 00 00 
661,接收,17:27:22.313.0,0x00000123,数据帧,标准帧,0x08,06 62 01 02 05 09 00 00 
662,接收,17:27:22.436.0,0x00000123,数据帧,标准帧,0x08,06 63 01 02 05 09 00 00 
663,接收,17:27:22.436.0,0x00000123,数据帧,标准帧,0x08,06 64 01 02 05 09 00 00 
664,接收,17:27:22.561.0,0x00000123,数据帧,标准帧,0x08,06 65 01 02 05 09 00 00 
665,接收,17:27:22.561.0,0x00000123,数据帧,标准帧,0x08,06 66 01 02 05 09 00 00 
666,接收,17:27:22.701.0,0x00000123,数据帧,标准帧,0x08,06 67 01 02 05 09 00 00 
667,接收,17:27:22.701.0,0x00000123,数据帧,标准帧,0x08,06 68 01 02 05 09 00 00 
668,接收,17:27:22.833.0,0x00000123,数据帧,标准帧,0x08,06 69 01 02 05 09 00 00 
669,接收,17:27:22.833.0,0x00000123,数据帧,标准帧,0x08,06 70 01 02 05 09 00 00 
670,接收,17:27:22.959.0,0x00000123,数据帧,标准帧,0x08,06 71 01 02 05 09 00 00 
671,接收,17:27:22.959.0,0x00000123,数据帧,标准帧,0x08,06 72 01 02 05 09 00 00 
672,接收,17:27:23.118.0,0x00000123,数据帧,标准帧,0x08,06 73 01 02 05 09 00 00 
673,接收,17:27:23.118.0,0x00000123,数据帧,标准帧,0x08,06 74 01 02 05 09 00 00 
674,接收,17:27:23.118.0,0x00000123,数据帧,标准帧,0x08,06 75 01 02 05 09 00 00 
675,接收,17:27:23.238.0,0x00000123,数据帧,标准帧,0x08,06 76 01 02 05 09 00 00 
676,接收,17:27:23.377.0,0x00000123,数据帧,标准帧,0x08,06 77 01 02 05 09 00 00 
677,接收,17:27:23.377.0,0x00000123,数据帧,标准帧,0x08,06 78 01 02 05 09 00 00 
678,接收,17:27:23.377.0,0x00000123,数据帧,标准帧,0x08,06 79 01 02 05 09 00 00 
679,接收,17:27:23.516.0,0x00000123,数据帧,标准帧,0x08,06 80 01 02 05 09 00 00 
680,接收,17:27:23.516.0,0x00000123,数据帧,标准帧,0x08,06 81 01 02 05 09 00 00 
681,接收,17:27:23.640.0,0x00000123,数据帧,标准帧,0x08,06 82 01 02 05 09 00 00 
682,接收,17:27:23.640.0,0x00000123,数据帧,标准帧,0x08,06 83 01 02 05 09 00 00 
683,接收,17:27:23.778.0,0x00000123,数据帧,标准帧,0x08,06 84 01 02 05 09 00 00 
684,接收,17:27:23.778.0,0x00000123,数据帧,标准帧,0x08,06 85 01 02 05 09 00 00 
685,接收,17:27:23.933.0,0x00000123,数据帧,标准帧,0x08,06 86 01 02 05 09 00 00 
686,接收,17:27:23.933.0,0x00000123,数据帧,标准帧,0x08,06 87 01 02 05 09 00 00 
687,接收,17:27:24.055.0,0x00000123,数据帧,标准帧,0x08,06 88 01 02 05 09 00 00 
688,接收,17:27:24.055.0,0x00000123,数据帧,标准帧,0x08,06 89 01 02 05 09 00 00 
689,接收,17:27:24.209.0,0x00000123,数据帧,标准帧,0x08,06 90 01 02 05 09 00 00 
690,接收,17:27:24.209.0,0x00000123,数据帧,标准帧,0x08,06 91 01 02 05 09 00 00 
691,接收,17:27:24.209.0,0x00000123,数据帧,标准帧,0x08,06 92 01 02 05 09 00 00 
692,接收,17:27:24.254.0,0x00000123,数据帧,标准帧,0x08,06 93 01 02 05 09 00 00 
693,接收,17:27:24.355.0,0x00000123,数据帧,标准帧,0x08,06 94 01 02 05 09 00 00 
694,接收,17:27:24.513.0,0x00000123,数据帧,标准帧,0x08,06 95 01 02 05 09 00 00 
695,接收,17:27:24.513.0,0x00000123,数据帧,标准帧,0x08,06 96 01 02 05 09 00 00 
696,接收,17:27:24.513.0,0x00000123,数据帧,标准帧,0x08,06 97 01 02 05 09 00 00 
697,接收,17:27:24.652.0,0x00000123,数据帧,标准帧,0x08,06 98 01 02 05 09 00 00 
698,接收,17:27:24.652.0,0x00000123,数据帧,标准帧,0x08,06 99 01 02 05 09 00 00 
699,接收,17:27:24.809.0,0x00000123,数据帧,标准帧,0x08,07 00 01 02 05 09 00 00 
700,接收,17:27:24.809.0,0x00000123,数据帧,标准帧,0x08,07 01 01 02 05 09 00 00 
701,接收,17:27:24.809.0,0x00000123,数据帧,标准帧,0x08,07 02 01 02 05 09 00 00 
702,接收,17:27:24.948.0,0x00000123,数据帧,标准帧,0x08,07 03 01 02 05 09 00 00 
703,接收,17:27:25.078.0,0x00000123,数据帧,标准帧,0x08,07 04 01 02 05 09 00 00 
704,接收,17:27:25.078.0,0x00000123,数据帧,标准帧,0x08,07 05 01 02 05 09 00 00 
705,接收,17:27:25.209.0,0x00000123,数据帧,标准帧,0x08,07 06 01 02 05 09 00 00 
706,接收,17:27:25.209.0,0x00000123,数据帧,标准帧,0x08,07 07 01 02 05 09 00 00 
707,接收,17:27:25.389.0,0x00000123,数据帧,标准帧,0x08,07 08 01 02 05 09 00 00 
708,接收,17:27:25.389.0,0x00000123,数据帧,标准帧,0x08,07 09 01 02 05 09 00 00 
709,接收,17:27:25.389.0,0x00000123,数据帧,标准帧,0x08,07 10 01 02 05 09 00 00 
710,接收,17:27:25.389.0,0x00000123,数据帧,标准帧,0x08,07 11 01 02 05 09 00 00 
711,接收,17:27:25.511.0,0x00000123,数据帧,标准帧,0x08,07 12 01 02 05 09 00 00 
712,接收,17:27:25.655.0,0x00000123,数据帧,标准帧,0x08,07 13 01 02 05 09 00 00 
713,接收,17:27:25.655.0,0x00000123,数据帧,标准帧,0x08,07 14 01 02 05 09 00 00 
714,接收,17:27:25.655.0,0x00000123,数据帧,标准帧,0x08,07 15 01 02 05 09 00 00 
715,接收,17:27:25.792.0,0x00000123,数据帧,标准帧,0x08,07 16 01 02 05 09 00 00 
716,接收,17:27:25.792.0,0x00000123,数据帧,标准帧,0x08,07 17 01 02 05 09 00 00 
717,接收,17:27:25.909.0,0x00000123,数据帧,标准帧,0x08,07 18 01 02 05 09 00 00 
718,接收,17:27:25.909.0,0x00000123,数据帧,标准帧,0x08,07 19 01 02 05 09 00 00 
719,接收,17:27:26.027.0,0x00000123,数据帧,标准帧,0x08,07 20 01 02 05 09 00 00 
720,接收,17:27:26.190.0,0x00000123,数据帧,标准帧,0x08,07 21 01 02 05 09 00 00 
721,接收,17:27:26.190.0,0x00000123,数据帧,标准帧,0x08,07 22 01 02 05 09 00 00 
722,接收,17:27:26.190.0,0x00000123,数据帧,标准帧,0x08,07 23 01 02 05 09 00 00 
723,接收,17:27:26.304.0,0x00000123,数据帧,标准帧,0x08,07 24 01 02 05 09 00 00 
724,接收,17:27:26.304.0,0x00000123,数据帧,标准帧,0x08,07 25 01 02 05 09 00 00 
725,接收,17:27:26.463.0,0x00000123,数据帧,标准帧,0x08,07 26 01 02 05 09 00 00 
726,接收,17:27:26.463.0,0x00000123,数据帧,标准帧,0x08,07 27 01 02 05 09 00 00 
727,接收,17:27:26.463.0,0x00000123,数据帧,标准帧,0x08,07 28 01 02 05 09 00 00 
728,接收,17:27:26.525.0,0x00000123,数据帧,标准帧,0x08,07 29 01 02 05 09 00 00 
729,接收,17:27:26.602.0,0x00000123,数据帧,标准帧,0x08,07 30 01 02 05 09 00 00 
730,接收,17:27:26.709.0,0x00000123,数据帧,标准帧,0x08,07 31 01 02 05 09 00 00 
731,接收,17:27:26.709.0,0x00000123,数据帧,标准帧,0x08,07 32 01 02 05 09 00 00 
732,接收,17:27:26.834.0,0x00000123,数据帧,标准帧,0x08,07 33 01 02 05 09 00 00 
733,接收,17:27:26.834.0,0x00000123,数据帧,标准帧,0x08,07 34 01 02 05 09 00 00 
734,接收,17:27:26.962.0,0x00000123,数据帧,标准帧,0x08,07 35 01 02 05 09 00 00 
735,接收,17:27:26.962.0,0x00000123,数据帧,标准帧,0x08,07 36 01 02 05 09 00 00 
736,接收,17:27:27.109.0,0x00000123,数据帧,标准帧,0x08,07 37 01 02 05 09 00 00 
737,接收,17:27:27.258.0,0x00000123,数据帧,标准帧,0x08,07 38 01 02 05 09 00 00 
738,接收,17:27:27.258.0,0x00000123,数据帧,标准帧,0x08,07 39 01 02 05 09 00 00 
739,接收,17:27:27.258.0,0x00000123,数据帧,标准帧,0x08,07 40 01 02 05 09 00 00 
740,接收,17:27:27.414.0,0x00000123,数据帧,标准帧,0x08,07 41 01 02 05 09 00 00 
741,接收,17:27:27.414.0,0x00000123,数据帧,标准帧,0x08,07 42 01 02 05 09 00 00 
742,接收,17:27:27.540.0,0x00000123,数据帧,标准帧,0x08,07 43 01 02 05 09 00 00 
743,接收,17:27:27.540.0,0x00000123,数据帧,标准帧,0x08,07 44 01 02 05 09 00 00 
744,接收,17:27:27.540.0,0x00000123,数据帧,标准帧,0x08,07 45 01 02 05 09 00 00 
745,接收,17:27:27.677.0,0x00000123,数据帧,标准帧,0x08,07 46 01 02 05 09 00 00 
746,接收,17:27:27.677.0,0x00000123,数据帧,标准帧,0x08,07 47 01 02 05 09 00 00 
747,接收,17:27:27.722.0,0x00000123,数据帧,标准帧,0x08,07 48 01 02 05 09 00 00 
748,接收,17:27:27.859.0,0x00000123,数据帧,标准帧,0x08,07 49 01 02 05 09 00 00 
749,接收,17:27:27.859.0,0x00000123,数据帧,标准帧,0x08,07 50 01 02 05 09 00 00 
750,接收,17:27:28.013.0,0x00000123,数据帧,标准帧,0x08,07 51 01 02 05 09 00 00 
751,接收,17:27:28.013.0,0x00000123,数据帧,标准帧,0x08,07 52 01 02 05 09 00 00 
752,接收,17:27:28.127.0,0x00000123,数据帧,标准帧,0x08,07 53 01 02 05 09 00 00 
753,接收,17:27:28.258.0,0x00000123,数据帧,标准帧,0x08,07 54 01 02 05 09 00 00 
754,接收,17:27:28.258.0,0x00000123,数据帧,标准帧,0x08,07 55 01 02 05 09 00 00 
755,接收,17:27:28.416.0,0x00000123,数据帧,标准帧,0x08,07 56 01 02 05 09 00 00 
756,接收,17:27:28.416.0,0x00000123,数据帧,标准帧,0x08,07 57 01 02 05 09 00 00 
757,接收,17:27:28.416.0,0x00000123,数据帧,标准帧,0x08,07 58 01 02 05 09 00 00 
758,接收,17:27:28.556.0,0x00000123,数据帧,标准帧,0x08,07 59 01 02 05 09 00 00 
759,接收,17:27:28.556.0,0x00000123,数据帧,标准帧,0x08,07 60 01 02 05 09 00 00 
760,接收,17:27:28.710.0,0x00000123,数据帧,标准帧,0x08,07 61 01 02 05 09 00 00 
761,接收,17:27:28.710.0,0x00000123,数据帧,标准帧,0x08,07 62 01 02 05 09 00 00 
762,接收,17:27:28.710.0,0x00000123,数据帧,标准帧,0x08,07 63 01 02 05 09 00 00 
763,接收,17:27:28.862.0,0x00000123,数据帧,标准帧,0x08,07 64 01 02 05 09 00 00 
764,接收,17:27:28.862.0,0x00000123,数据帧,标准帧,0x08,07 65 01 02 05 09 00 00 
765,接收,17:27:28.893.0,0x00000123,数据帧,标准帧,0x08,07 66 01 02 05 09 00 00 
766,接收,17:27:28.956.0,0x00000123,数据帧,标准帧,0x08,07 67 01 02 05 09 00 00 
767,接收,17:27:29.100.0,0x00000123,数据帧,标准帧,0x08,07 68 01 02 05 09 00 00 
768,接收,17:27:29.100.0,0x00000123,数据帧,标准帧,0x08,07 69 01 02 05 09 00 00 
769,接收,17:27:29.277.0,0x00000123,数据帧,标准帧,0x08,07 70 01 02 05 09 00 00 
770,接收,17:27:29.277.0,0x00000123,数据帧,标准帧,0x08,07 71 01 02 05 09 00 00 
771,接收,17:27:29.434.0,0x00000123,数据帧,标准帧,0x08,07 72 01 02 05 09 00 00 
772,接收,17:27:29.434.0,0x00000123,数据帧,标准帧,0x08,07 73 01 02 05 09 00 00 
773,接收,17:27:29.434.0,0x00000123,数据帧,标准帧,0x08,07 74 01 02 05 09 00 00 
774,接收,17:27:29.540.0,0x00000123,数据帧,标准帧,0x08,07 75 01 02 05 09 00 00 
775,接收,17:27:29.540.0,0x00000123,数据帧,标准帧,0x08,07 76 01 02 05 09 00 00 
776,接收,17:27:29.663.0,0x00000123,数据帧,标准帧,0x08,07 77 01 02 05 09 00 00 
777,接收,17:27:29.663.0,0x00000123,数据帧,标准帧,0x08,07 78 01 02 05 09 00 00 
778,接收,17:27:29.802.0,0x00000123,数据帧,标准帧,0x08,07 79 01 02 05 09 00 00 
779,接收,17:27:29.802.0,0x00000123,数据帧,标准帧,0x08,07 80 01 02 05 09 00 00 
780,接收,17:27:29.955.0,0x00000123,数据帧,标准帧,0x08,07 81 01 02 05 09 00 00 
781,接收,17:27:29.955.0,0x00000123,数据帧,标准帧,0x08,07 82 01 02 05 09 00 00 
782,接收,17:27:30.105.0,0x00000123,数据帧,标准帧,0x08,07 83 01 02 05 09 00 00 
783,接收,17:27:30.105.0,0x00000123,数据帧,标准帧,0x08,07 84 01 02 05 09 00 00 
784,接收,17:27:30.105.0,0x00000123,数据帧,标准帧,0x08,07 85 01 02 05 09 00 00 
785,接收,17:27:30.142.0,0x00000123,数据帧,标准帧,0x08,07 86 01 02 05 09 00 00 
786,接收,17:27:30.238.0,0x00000123,数据帧,标准帧,0x08,07 87 01 02 05 09 00 00 
787,接收,17:27:30.354.0,0x00000123,数据帧,标准帧,0x08,07 88 01 02 05 09 00 00 
788,接收,17:27:30.511.0,0x00000123,数据帧,标准帧,0x08,07 89 01 02 05 09 00 00 
789,接收,17:27:30.511.0,0x00000123,数据帧,标准帧,0x08,07 90 01 02 05 09 00 00 
790,接收,17:27:30.511.0,0x00000123,数据帧,标准帧,0x08,07 91 01 02 05 09 00 00 
791,接收,17:27:30.604.0,0x00000123,数据帧,标准帧,0x08,07 92 01 02 05 09 00 00 
792,接收,17:27:30.729.0,0x00000123,数据帧,标准帧,0x08,07 93 01 02 05 09 00 00 
793,接收,17:27:30.729.0,0x00000123,数据帧,标准帧,0x08,07 94 01 02 05 09 00 00 
794,接收,17:27:30.853.0,0x00000123,数据帧,标准帧,0x08,07 95 01 02 05 09 00 00 
795,接收,17:27:30.853.0,0x00000123,数据帧,标准帧,0x08,07 96 01 02 05 09 00 00 
796,接收,17:27:31.010.0,0x00000123,数据帧,标准帧,0x08,07 97 01 02 05 09 00 00 
797,接收,17:27:31.010.0,0x00000123,数据帧,标准帧,0x08,07 98 01 02 05 09 00 00 
798,接收,17:27:31.010.0,0x00000123,数据帧,标准帧,0x08,07 99 01 02 05 09 00 00 
799,接收,17:27:31.105.0,0x00000123,数据帧,标准帧,0x08,08 00 01 02 05 09 00 00 
800,接收,17:27:31.243.0,0x00000123,数据帧,标准帧,0x08,08 01 01 02 05 09 00 00 
801,接收,17:27:31.243.0,0x00000123,数据帧,标准帧,0x08,08 02 01 02 05 09 00 00 
802,接收,17:27:31.243.0,0x00000123,数据帧,标准帧,0x08,08 03 01 02 05 09 00 00 
803,接收,17:27:31.288.0,0x00000123,数据帧,标准帧,0x08,08 04 01 02 05 09 00 00 
804,接收,17:27:31.381.0,0x00000123,数据帧,标准帧,0x08,08 05 01 02 05 09 00 00 
805,接收,17:27:31.537.0,0x00000123,数据帧,标准帧,0x08,08 06 01 02 05 09 00 00 
806,接收,17:27:31.537.0,0x00000123,数据帧,标准帧,0x08,08 07 01 02 05 09 00 00 
807,接收,17:27:31.631.0,0x00000123,数据帧,标准帧,0x08,08 08 01 02 05 09 00 00 
808,接收,17:27:31.631.0,0x00000123,数据帧,标准帧,0x08,08 09 01 02 05 09 00 00 
809,接收,17:27:31.752.0,0x00000123,数据帧,标准帧,0x08,08 10 01 02 05 09 00 00 
810,接收,17:27:31.752.0,0x00000123,数据帧,标准帧,0x08,08 11 01 02 05 09 00 00 
811,接收,17:27:31.906.0,0x00000123,数据帧,标准帧,0x08,08 12 01 02 05 09 00 00 
812,接收,17:27:31.906.0,0x00000123,数据帧,标准帧,0x08,08 13 01 02 05 09 00 00 
813,接收,17:27:32.031.0,0x00000123,数据帧,标准帧,0x08,08 14 01 02 05 09 00 00 
814,接收,17:27:32.031.0,0x00000123,数据帧,标准帧,0x08,08 15 01 02 05 09 00 00 
815,接收,17:27:32.185.0,0x00000123,数据帧,标准帧,0x08,08 16 01 02 05 09 00 00 
816,接收,17:27:32.185.0,0x00000123,数据帧,标准帧,0x08,08 17 01 02 05 09 00 00 
817,接收,17:27:32.185.0,0x00000123,数据帧,标准帧,0x08,08 18 01 02 05 09 00 00 
818,接收,17:27:32.314.0,0x00000123,数据帧,标准帧,0x08,08 19 01 02 05 09 00 00 
819,接收,17:27:32.439.0,0x00000123,数据帧,标准帧,0x08,08 20 01 02 05 09 00 00 
820,接收,17:27:32.439.0,0x00000123,数据帧,标准帧,0x08,08 21 01 02 05 09 00 00 
821,接收,17:27:32.470.0,0x00000123,数据帧,标准帧,0x08,08 22 01 02 05 09 00 00 
822,接收,17:27:32.579.0,0x00000123,数据帧,标准帧,0x08,08 23 01 02 05 09 00 00 
823,接收,17:27:32.737.0,0x00000123,数据帧,标准帧,0x08,08 24 01 02 05 09 00 00 
824,接收,17:27:32.737.0,0x00000123,数据帧,标准帧,0x08,08 25 01 02 05 09 00 00 
825,接收,17:27:32.737.0,0x00000123,数据帧,标准帧,0x08,08 26 01 02 05 09 00 00 
826,接收,17:27:32.875.0,0x00000123,数据帧,标准帧,0x08,08 27 01 02 05 09 00 00 
827,接收,17:27:32.875.0,0x00000123,数据帧,标准帧,0x08,08 28 01 02 05 09 00 00 
828,接收,17:27:33.015.0,0x00000123,数据帧,标准帧,0x08,08 29 01 02 05 09 00 00 
829,接收,17:27:33.015.0,0x00000123,数据帧,标准帧,0x08,08 30 01 02 05 09 00 00 
830,接收,17:27:33.159.0,0x00000123,数据帧,标准帧,0x08,08 31 01 02 05 09 00 00 
831,接收,17:27:33.159.0,0x00000123,数据帧,标准帧,0x08,08 32 01 02 05 09 00 00 
832,接收,17:27:33.159.0,0x00000123,数据帧,标准帧,0x08,08 33 01 02 05 09 00 00 
833,接收,17:27:33.256.0,0x00000123,数据帧,标准帧,0x08,08 34 01 02 05 09 00 00 
834,接收,17:27:33.404.0,0x00000123,数据帧,标准帧,0x08,08 35 01 02 05 09 00 00 
835,接收,17:27:33.404.0,0x00000123,数据帧,标准帧,0x08,08 36 01 02 05 09 00 00 
836,接收,17:27:33.404.0,0x00000123,数据帧,标准帧,0x08,08 37 01 02 05 09 00 00 
837,接收,17:27:33.526.0,0x00000123,数据帧,标准帧,0x08,08 38 01 02 05 09 00 00 
838,接收,17:27:33.700.0,0x00000123,数据帧,标准帧,0x08,08 39 01 02 05 09 00 00 
839,接收,17:27:33.700.0,0x00000123,数据帧,标准帧,0x08,08 40 01 02 05 09 00 00 
840,接收,17:27:33.714.0,0x00000123,数据帧,标准帧,0x08,08 41 01 02 05 09 00 00 
841,接收,17:27:33.730.0,0x00000123,数据帧,标准帧,0x08,08 42 01 02 05 09 00 00 
842,接收,17:27:33.808.0,0x00000123,数据帧,标准帧,0x08,08 43 01 02 05 09 00 00 
843,接收,17:27:33.947.0,0x00000123,数据帧,标准帧,0x08,08 44 01 02 05 09 00 00 
844,接收,17:27:33.947.0,0x00000123,数据帧,标准帧,0x08,08 45 01 02 05 09 00 00 
845,接收,17:27:34.088.0,0x00000123,数据帧,标准帧,0x08,08 46 01 02 05 09 00 00 
846,接收,17:27:34.088.0,0x00000123,数据帧,标准帧,0x08,08 47 01 02 05 09 00 00 
847,接收,17:27:34.207.0,0x00000123,数据帧,标准帧,0x08,08 48 01 02 05 09 00 00 
848,接收,17:27:34.207.0,0x00000123,数据帧,标准帧,0x08,08 49 01 02 05 09 00 00 
849,接收,17:27:34.357.0,0x00000123,数据帧,标准帧,0x08,08 50 01 02 05 09 00 00 
850,接收,17:27:34.357.0,0x00000123,数据帧,标准帧,0x08,08 51 01 02 05 09 00 00 
851,接收,17:27:34.357.0,0x00000123,数据帧,标准帧,0x08,08 52 01 02 05 09 00 00 
852,接收,17:27:34.480.0,0x00000123,数据帧,标准帧,0x08,08 53 01 02 05 09 00 00 
853,接收,17:27:34.480.0,0x00000123,数据帧,标准帧,0x08,08 54 01 02 05 09 00 00 
854,接收,17:27:34.604.0,0x00000123,数据帧,标准帧,0x08,08 55 01 02 05 09 00 00 
855,接收,17:27:34.727.0,0x00000123,数据帧,标准帧,0x08,08 56 01 02 05 09 00 00 
856,接收,17:27:34.727.0,0x00000123,数据帧,标准帧,0x08,08 57 01 02 05 09 00 00 
857,接收,17:27:34.884.0,0x00000123,数据帧,标准帧,0x08,08 58 01 02 05 09 00 00 
858,接收,17:27:34.884.0,0x00000123,数据帧,标准帧,0x08,08 59 01 02 05 09 00 00 
859,接收,17:27:34.884.0,0x00000123,数据帧,标准帧,0x08,08 60 01 02 05 09 00 00 
860,接收,17:27:34.944.0,0x00000123,数据帧,标准帧,0x08,08 61 01 02 05 09 00 00 
861,接收,17:27:35.005.0,0x00000123,数据帧,标准帧,0x08,08 62 01 02 05 09 00 00 
862,接收,17:27:35.161.0,0x00000123,数据帧,标准帧,0x08,08 63 01 02 05 09 00 00 
863,接收,17:27:35.161.0,0x00000123,数据帧,标准帧,0x08,08 64 01 02 05 09 00 00 
864,接收,17:27:35.308.0,0x00000123,数据帧,标准帧,0x08,08 65 01 02 05 09 00 00 
865,接收,17:27:35.308.0,0x00000123,数据帧,标准帧,0x08,08 66 01 02 05 09 00 00 
866,接收,17:27:35.308.0,0x00000123,数据帧,标准帧,0x08,08 67 01 02 05 09 00 00 
867,接收,17:27:35.431.0,0x00000123,数据帧,标准帧,0x08,08 68 01 02 05 09 00 00 
868,接收,17:27:35.431.0,0x00000123,数据帧,标准帧,0x08,08 69 01 02 05 09 00 00 
869,接收,17:27:35.554.0,0x00000123,数据帧,标准帧,0x08,08 70 01 02 05 09 00 00 
870,接收,17:27:35.554.0,0x00000123,数据帧,标准帧,0x08,08 71 01 02 05 09 00 00 
871,接收,17:27:35.708.0,0x00000123,数据帧,标准帧,0x08,08 72 01 02 05 09 00 00 
872,接收,17:27:35.708.0,0x00000123,数据帧,标准帧,0x08,08 73 01 02 05 09 00 00 
873,接收,17:27:35.834.0,0x00000123,数据帧,标准帧,0x08,08 74 01 02 05 09 00 00 
874,接收,17:27:35.834.0,0x00000123,数据帧,标准帧,0x08,08 75 01 02 05 09 00 00 
875,接收,17:27:35.988.0,0x00000123,数据帧,标准帧,0x08,08 76 01 02 05 09 00 00 
876,接收,17:27:35.988.0,0x00000123,数据帧,标准帧,0x08,08 77 01 02 05 09 00 00 
877,接收,17:27:36.113.0,0x00000123,数据帧,标准帧,0x08,08 78 01 02 05 09 00 00 
878,接收,17:27:36.113.0,0x00000123,数据帧,标准帧,0x08,08 79 01 02 05 09 00 00 
879,接收,17:27:36.143.0,0x00000123,数据帧,标准帧,0x08,08 80 01 02 05 09 00 00 
880,接收,17:27:36.237.0,0x00000123,数据帧,标准帧,0x08,08 81 01 02 05 09 00 00 
881,接收,17:27:36.376.0,0x00000123,数据帧,标准帧,0x08,08 82 01 02 05 09 00 00 
882,接收,17:27:36.376.0,0x00000123,数据帧,标准帧,0x08,08 83 01 02 05 09 00 00 
883,接收,17:27:36.534.0,0x00000123,数据帧,标准帧,0x08,08 84 01 02 05 09 00 00 
884,接收,17:27:36.534.0,0x00000123,数据帧,标准帧,0x08,08 85 01 02 05 09 00 00 
885,接收,17:27:36.534.0,0x00000123,数据帧,标准帧,0x08,08 86 01 02 05 09 00 00 
886,接收,17:27:36.655.0,0x00000123,数据帧,标准帧,0x08,08 87 01 02 05 09 00 00 
887,接收,17:27:36.655.0,0x00000123,数据帧,标准帧,0x08,08 88 01 02 05 09 00 00 
888,接收,17:27:36.810.0,0x00000123,数据帧,标准帧,0x08,08 89 01 02 05 09 00 00 
889,接收,17:27:36.810.0,0x00000123,数据帧,标准帧,0x08,08 90 01 02 05 09 00 00 
890,接收,17:27:36.952.0,0x00000123,数据帧,标准帧,0x08,08 91 01 02 05 09 00 00 
891,接收,17:27:36.952.0,0x00000123,数据帧,标准帧,0x08,08 92 01 02 05 09 00 00 
892,接收,17:27:37.060.0,0x00000123,数据帧,标准帧,0x08,08 93 01 02 05 09 00 00 
893,接收,17:27:37.060.0,0x00000123,数据帧,标准帧,0x08,08 94 01 02 05 09 00 00 
894,接收,17:27:37.215.0,0x00000123,数据帧,标准帧,0x08,08 95 01 02 05 09 00 00 
895,接收,17:27:37.215.0,0x00000123,数据帧,标准帧,0x08,08 96 01 02 05 09 00 00 
896,接收,17:27:37.356.0,0x00000123,数据帧,标准帧,0x08,08 97 01 02 05 09 00 00 
897,接收,17:27:37.356.0,0x00000123,数据帧,标准帧,0x08,08 98 01 02 05 09 00 00 
898,接收,17:27:37.371.0,0x00000123,数据帧,标准帧,0x08,08 99 01 02 05 09 00 00 
899,接收,17:27:37.510.0,0x00000123,数据帧,标准帧,0x08,09 00 01 02 05 09 00 00 
900,接收,17:27:37.510.0,0x00000123,数据帧,标准帧,0x08,09 01 01 02 05 09 00 00 
901,接收,17:27:37.649.0,0x00000123,数据帧,标准帧,0x08,09 02 01 02 05 09 00 00 
902,接收,17:27:37.649.0,0x00000123,数据帧,标准帧,0x08,09 03 01 02 05 09 00 00 
903,接收,17:27:37.808.0,0x00000123,数据帧,标准帧,0x08,09 04 01 02 05 09 00 00 
904,接收,17:27:37.808.0,0x00000123,数据帧,标准帧,0x08,09 05 01 02 05 09 00 00 
905,接收,17:27:37.993.0,0x00000123,数据帧,标准帧,0x08,09 06 01 02 05 09 00 00 
906,接收,17:27:37.993.0,0x00000123,数据帧,标准帧,0x08,09 07 01 02 05 09 00 00 
907,接收,17:27:37.993.0,0x00000123,数据帧,标准帧,0x08,09 08 01 02 05 09 00 00 
908,接收,17:27:38.102.0,0x00000123,数据帧,标准帧,0x08,09 09 01 02 05 09 00 00 
909,接收,17:27:38.102.0,0x00000123,数据帧,标准帧,0x08,09 10 01 02 05 09 00 00 
910,接收,17:27:38.259.0,0x00000123,数据帧,标准帧,0x08,09 11 01 02 05 09 00 00 
911,接收,17:27:38.259.0,0x00000123,数据帧,标准帧,0x08,09 12 01 02 05 09 00 00 
912,接收,17:27:38.382.0,0x00000123,数据帧,标准帧,0x08,09 13 01 02 05 09 00 00 
913,接收,17:27:38.382.0,0x00000123,数据帧,标准帧,0x08,09 14 01 02 05 09 00 00 
914,接收,17:27:38.507.0,0x00000123,数据帧,标准帧,0x08,09 15 01 02 05 09 00 00 
915,接收,17:27:38.507.0,0x00000123,数据帧,标准帧,0x08,09 16 01 02 05 09 00 00 
916,接收,17:27:38.523.0,0x00000123,数据帧,标准帧,0x08,09 17 01 02 05 09 00 00 
917,接收,17:27:38.662.0,0x00000123,数据帧,标准帧,0x08,09 18 01 02 05 09 00 00 
918,接收,17:27:38.662.0,0x00000123,数据帧,标准帧,0x08,09 19 01 02 05 09 00 00 
919,接收,17:27:38.786.0,0x00000123,数据帧,标准帧,0x08,09 20 01 02 05 09 00 00 
920,接收,17:27:38.786.0,0x00000123,数据帧,标准帧,0x08,09 21 01 02 05 09 00 00 
921,接收,17:27:38.926.0,0x00000123,数据帧,标准帧,0x08,09 22 01 02 05 09 00 00 
922,接收,17:27:38.926.0,0x00000123,数据帧,标准帧,0x08,09 23 01 02 05 09 00 00 
923,接收,17:27:39.065.0,0x00000123,数据帧,标准帧,0x08,09 24 01 02 05 09 00 00 
924,接收,17:27:39.065.0,0x00000123,数据帧,标准帧,0x08,09 25 01 02 05 09 00 00 
925,接收,17:27:39.207.0,0x00000123,数据帧,标准帧,0x08,09 26 01 02 05 09 00 00 
926,接收,17:27:39.207.0,0x00000123,数据帧,标准帧,0x08,09 27 01 02 05 09 00 00 
927,接收,17:27:39.314.0,0x00000123,数据帧,标准帧,0x08,09 28 01 02 05 09 00 00 
928,接收,17:27:39.314.0,0x00000123,数据帧,标准帧,0x08,09 29 01 02 05 09 00 00 
929,接收,17:27:39.429.0,0x00000123,数据帧,标准帧,0x08,09 30 01 02 05 09 00 00 
930,接收,17:27:39.429.0,0x00000123,数据帧,标准帧,0x08,09 31 01 02 05 09 00 00 
931,接收,17:27:39.557.0,0x00000123,数据帧,标准帧,0x08,09 32 01 02 05 09 00 00 
932,接收,17:27:39.557.0,0x00000123,数据帧,标准帧,0x08,09 33 01 02 05 09 00 00 
933,接收,17:27:39.709.0,0x00000123,数据帧,标准帧,0x08,09 34 01 02 05 09 00 00 
934,接收,17:27:39.709.0,0x00000123,数据帧,标准帧,0x08,09 35 01 02 05 09 00 00 
935,接收,17:27:39.709.0,0x00000123,数据帧,标准帧,0x08,09 36 01 02 05 09 00 00 
936,接收,17:27:39.772.0,0x00000123,数据帧,标准帧,0x08,09 37 01 02 05 09 00 00 
937,接收,17:27:39.822.0,0x00000123,数据帧,标准帧,0x08,09 38 01 02 05 09 00 00 
938,接收,17:27:39.929.0,0x00000123,数据帧,标准帧,0x08,09 39 01 02 05 09 00 00 
939,接收,17:27:40.119.0,0x00000123,数据帧,标准帧,0x08,09 40 01 02 05 09 00 00 
940,接收,17:27:40.119.0,0x00000123,数据帧,标准帧,0x08,09 41 01 02 05 09 00 00 
941,接收,17:27:40.119.0,0x00000123,数据帧,标准帧,0x08,09 42 01 02 05 09 00 00 
942,接收,17:27:40.233.0,0x00000123,数据帧,标准帧,0x08,09 43 01 02 05 09 00 00 
943,接收,17:27:40.233.0,0x00000123,数据帧,标准帧,0x08,09 44 01 02 05 09 00 00 
944,接收,17:27:40.382.0,0x00000123,数据帧,标准帧,0x08,09 45 01 02 05 09 00 00 
945,接收,17:27:40.382.0,0x00000123,数据帧,标准帧,0x08,09 46 01 02 05 09 00 00 
946,接收,17:27:40.514.0,0x00000123,数据帧,标准帧,0x08,09 47 01 02 05 09 00 00 
947,接收,17:27:40.514.0,0x00000123,数据帧,标准帧,0x08,09 48 01 02 05 09 00 00 
948,接收,17:27:40.514.0,0x00000123,数据帧,标准帧,0x08,09 49 01 02 05 09 00 00 
949,接收,17:27:40.627.0,0x00000123,数据帧,标准帧,0x08,09 50 01 02 05 09 00 00 
950,接收,17:27:40.799.0,0x00000123,数据帧,标准帧,0x08,09 51 01 02 05 09 00 00 
951,接收,17:27:40.799.0,0x00000123,数据帧,标准帧,0x08,09 52 01 02 05 09 00 00 
952,接收,17:27:40.799.0,0x00000123,数据帧,标准帧,0x08,09 53 01 02 05 09 00 00 
953,接收,17:27:40.943.0,0x00000123,数据帧,标准帧,0x08,09 54 01 02 05 09 00 00 
954,接收,17:27:40.943.0,0x00000123,数据帧,标准帧,0x08,09 55 01 02 05 09 00 00 
955,接收,17:27:40.943.0,0x00000123,数据帧,标准帧,0x08,09 56 01 02 05 09 00 00 
956,接收,17:27:41.069.0,0x00000123,数据帧,标准帧,0x08,09 57 01 02 05 09 00 00 
957,接收,17:27:41.204.0,0x00000123,数据帧,标准帧,0x08,09 58 01 02 05 09 00 00 
958,接收,17:27:41.204.0,0x00000123,数据帧,标准帧,0x08,09 59 01 02 05 09 00 00 
959,接收,17:27:41.362.0,0x00000123,数据帧,标准帧,0x08,09 60 01 02 05 09 00 00 
960,接收,17:27:41.362.0,0x00000123,数据帧,标准帧,0x08,09 61 01 02 05 09 00 00 
961,接收,17:27:41.362.0,0x00000123,数据帧,标准帧,0x08,09 62 01 02 05 09 00 00 
962,接收,17:27:41.459.0,0x00000123,数据帧,标准帧,0x08,09 63 01 02 05 09 00 00 
963,接收,17:27:41.603.0,0x00000123,数据帧,标准帧,0x08,09 64 01 02 05 09 00 00 
964,接收,17:27:41.603.0,0x00000123,数据帧,标准帧,0x08,09 65 01 02 05 09 00 00 
965,接收,17:27:41.603.0,0x00000123,数据帧,标准帧,0x08,09 66 01 02 05 09 00 00 
966,接收,17:27:41.768.0,0x00000123,数据帧,标准帧,0x08,09 67 01 02 05 09 00 00 
967,接收,17:27:41.768.0,0x00000123,数据帧,标准帧,0x08,09 68 01 02 05 09 00 00 
968,接收,17:27:41.914.0,0x00000123,数据帧,标准帧,0x08,09 69 01 02 05 09 00 00 
969,接收,17:27:41.914.0,0x00000123,数据帧,标准帧,0x08,09 70 01 02 05 09 00 00 
970,接收,17:27:41.914.0,0x00000123,数据帧,标准帧,0x08,09 71 01 02 05 09 00 00 
971,接收,17:27:42.005.0,0x00000123,数据帧,标准帧,0x08,09 72 01 02 05 09 00 00 
972,接收,17:27:42.128.0,0x00000123,数据帧,标准帧,0x08,09 73 01 02 05 09 00 00 
973,接收,17:27:42.142.0,0x00000123,数据帧,标准帧,0x08,09 74 01 02 05 09 00 00 
974,接收,17:27:42.283.0,0x00000123,数据帧,标准帧,0x08,09 75 01 02 05 09 00 00 
975,接收,17:27:42.283.0,0x00000123,数据帧,标准帧,0x08,09 76 01 02 05 09 00 00 
976,接收,17:27:42.405.0,0x00000123,数据帧,标准帧,0x08,09 77 01 02 05 09 00 00 
977,接收,17:27:42.405.0,0x00000123,数据帧,标准帧,0x08,09 78 01 02 05 09 00 00 
978,接收,17:27:42.567.0,0x00000123,数据帧,标准帧,0x08,09 79 01 02 05 09 00 00 
979,接收,17:27:42.567.0,0x00000123,数据帧,标准帧,0x08,09 80 01 02 05 09 00 00 
980,接收,17:27:42.682.0,0x00000123,数据帧,标准帧,0x08,09 81 01 02 05 09 00 00 
981,接收,17:27:42.682.0,0x00000123,数据帧,标准帧,0x08,09 82 01 02 05 09 00 00 
982,接收,17:27:42.805.0,0x00000123,数据帧,标准帧,0x08,09 83 01 02 05 09 00 00 
983,接收,17:27:42.805.0,0x00000123,数据帧,标准帧,0x08,09 84 01 02 05 09 00 00 
984,接收,17:27:42.964.0,0x00000123,数据帧,标准帧,0x08,09 85 01 02 05 09 00 00 
985,接收,17:27:42.964.0,0x00000123,数据帧,标准帧,0x08,09 86 01 02 05 09 00 00 
986,接收,17:27:42.964.0,0x00000123,数据帧,标准帧,0x08,09 87 01 02 05 09 00 00 
987,接收,17:27:43.114.0,0x00000123,数据帧,标准帧,0x08,09 88 01 02 05 09 00 00 
988,接收,17:27:43.114.0,0x00000123,数据帧,标准帧,0x08,09 89 01 02 05 09 00 00 
989,接收,17:27:43.114.0,0x00000123,数据帧,标准帧,0x08,09 90 01 02 05 09 00 00 
990,接收,17:27:43.227.0,0x00000123,数据帧,标准帧,0x08,09 91 01 02 05 09 00 00 
991,接收,17:27:43.273.0,0x00000123,数据帧,标准帧,0x08,09 92 01 02 05 09 00 00 
992,接收,17:27:43.352.0,0x00000123,数据帧,标准帧,0x08,09 93 01 02 05 09 00 00 
993,接收,17:27:43.510.0,0x00000123,数据帧,标准帧,0x08,09 94 01 02 05 09 00 00 
994,接收,17:27:43.510.0,0x00000123,数据帧,标准帧,0x08,09 95 01 02 05 09 00 00 
995,接收,17:27:43.510.0,0x00000123,数据帧,标准帧,0x08,09 96 01 02 05 09 00 00 
996,接收,17:27:43.653.0,0x00000123,数据帧,标准帧,0x08,09 97 01 02 05 09 00 00 
997,接收,17:27:43.653.0,0x00000123,数据帧,标准帧,0x08,09 98 01 02 05 09 00 00 
998,接收,17:27:43.805.0,0x00000123,数据帧,标准帧,0x08,09 99 01 02 05 09 00 00 
999,接收,17:27:43.805.0,0x00000123,数据帧,标准帧,0x08,10 00 01 02 05 09 00 00 
1000,接收,17:27:43.805.0,0x00000123,数据帧,标准帧,0x08,10 01 01 02 05 09 00 00 
1001,接收,17:27:43.957.0,0x00000123,数据帧,标准帧,0x08,10 02 01 02 05 09 00 00 
1002,接收,17:27:43.957.0,0x00000123,数据帧,标准帧,0x08,10 03 01 02 05 09 00 00 
1003,接收,17:27:44.105.0,0x00000123,数据帧,标准帧,0x08,10 04 01 02 05 09 00 00 
1004,接收,17:27:44.105.0,0x00000123,数据帧,标准帧,0x08,10 05 01 02 05 09 00 00 
1005,接收,17:27:44.105.0,0x00000123,数据帧,标准帧,0x08,10 06 01 02 05 09 00 00 
1006,接收,17:27:44.258.0,0x00000123,数据帧,标准帧,0x08,10 07 01 02 05 09 00 00 
1007,接收,17:27:44.258.0,0x00000123,数据帧,标准帧,0x08,10 08 01 02 05 09 00 00 
1008,接收,17:27:44.412.0,0x00000123,数据帧,标准帧,0x08,10 09 01 02 05 09 00 00 
1009,接收,17:27:44.412.0,0x00000123,数据帧,标准帧,0x08,10 10 01 02 05 09 00 00 
1010,接收,17:27:44.427.0,0x00000123,数据帧,标准帧,0x08,10 11 01 02 05 09 00 00 
1011,接收,17:27:44.539.0,0x00000123,数据帧,标准帧,0x08,10 12 01 02 05 09 00 00 
1012,接收,17:27:44.689.0,0x00000123,数据帧,标准帧,0x08,10 13 01 02 05 09 00 00 
1013,接收,17:27:44.689.0,0x00000123,数据帧,标准帧,0x08,10 14 01 02 05 09 00 00 
1014,接收,17:27:44.689.0,0x00000123,数据帧,标准帧,0x08,10 15 01 02 05 09 00 00 
1015,接收,17:27:44.827.0,0x00000123,数据帧,标准帧,0x08,10 16 01 02 05 09 00 00 
1016,接收,17:27:44.827.0,0x00000123,数据帧,标准帧,0x08,10 17 01 02 05 09 00 00 
1017,接收,17:27:44.959.0,0x00000123,数据帧,标准帧,0x08,10 18 01 02 05 09 00 00 
1018,接收,17:27:44.959.0,0x00000123,数据帧,标准帧,0x08,10 19 01 02 05 09 00 00 
1019,接收,17:27:45.114.0,0x00000123,数据帧,标准帧,0x08,10 20 01 02 05 09 00 00 
1020,接收,17:27:45.114.0,0x00000123,数据帧,标准帧,0x08,10 21 01 02 05 09 00 00 
1021,接收,17:27:45.114.0,0x00000123,数据帧,标准帧,0x08,10 22 01 02 05 09 00 00 
1022,接收,17:27:45.258.0,0x00000123,数据帧,标准帧,0x08,10 23 01 02 05 09 00 00 
1023,接收,17:27:45.258.0,0x00000123,数据帧,标准帧,0x08,10 24 01 02 05 09 00 00 
